period,status,sex,age,population
2008-06-30,F,female,0-14,436700
2008-06-30,F,female,0-4,146740
2008-06-30,F,female,10-14,148020
2008-06-30,F,female,15-19,156530
2008-06-30,F,female,15-39,745200
2008-06-30,F,female,20-24,144350
2008-06-30,F,female,25-29,137430
2008-06-30,F,female,30-34,142060
2008-06-30,F,female,35-39,164810
2008-06-30,F,female,40-44,163300
2008-06-30,F,female,40-64,700900
2008-06-30,F,female,45-49,164900
2008-06-30,F,female,5-9,141960
2008-06-30,F,female,50-54,141130
2008-06-30,F,female,55-59,123900
2008-06-30,F,female,60-64,107630
2008-06-30,F,female,65-69,84980
2008-06-30,F,female,65+,293600
2008-06-30,F,female,70-74,65270
2008-06-30,F,female,75-79,56030
2008-06-30,F,female,80-84,44640
2008-06-30,F,female,85-89,27940
2008-06-30,F,female,90+,14710
2008-06-30,F,female,median,37.18
2008-06-30,F,female,total,2176330
2008-09-30,F,female,0-14,437100
2008-09-30,F,female,0-4,147570
2008-09-30,F,female,10-14,147630
2008-09-30,F,female,15-19,157e3
2008-09-30,F,female,15-39,745500
2008-09-30,F,female,20-24,144690
2008-09-30,F,female,25-29,137780
2008-09-30,F,female,30-34,141380
2008-09-30,F,female,35-39,164650
2008-09-30,F,female,40-44,162950
2008-09-30,F,female,40-64,704100
2008-09-30,F,female,45-49,165700
2008-09-30,F,female,5-9,141930
2008-09-30,F,female,50-54,142200
2008-09-30,F,female,55-59,124470
2008-09-30,F,female,60-64,108810
2008-09-30,F,female,65-69,85620
2008-09-30,F,female,65+,294700
2008-09-30,F,female,70-74,65720
2008-09-30,F,female,75-79,56050
2008-09-30,F,female,80-84,44690
2008-09-30,F,female,85-89,27990
2008-09-30,F,female,90+,14650
2008-09-30,F,female,median,37.25
2008-09-30,F,female,total,2181480
2008-12-31,F,female,0-14,437400
2008-12-31,F,female,0-4,148210
2008-12-31,F,female,10-14,146930
2008-12-31,F,female,15-19,156670
2008-12-31,F,female,15-39,745500
2008-12-31,F,female,20-24,144910
2008-12-31,F,female,25-29,138610
2008-12-31,F,female,30-34,141200
2008-12-31,F,female,35-39,164110
2008-12-31,F,female,40-44,163040
2008-12-31,F,female,40-64,707700
2008-12-31,F,female,45-49,166040
2008-12-31,F,female,5-9,142300
2008-12-31,F,female,50-54,143210
2008-12-31,F,female,55-59,124920
2008-12-31,F,female,60-64,110470
2008-12-31,F,female,65-69,86240
2008-12-31,F,female,65+,296400
2008-12-31,F,female,70-74,66480
2008-12-31,F,female,75-79,55900
2008-12-31,F,female,80-84,44750
2008-12-31,F,female,85-89,28320
2008-12-31,F,female,90+,14730
2008-12-31,F,female,median,37.32
2008-12-31,F,female,total,2187030
2009-03-31,F,female,0-14,438300
2009-03-31,F,female,0-4,148780
2009-03-31,F,female,10-14,146810
2009-03-31,F,female,15-19,156810
2009-03-31,F,female,15-39,745900
2009-03-31,F,female,20-24,145570
2009-03-31,F,female,25-29,139040
2009-03-31,F,female,30-34,140890
2009-03-31,F,female,35-39,163600
2009-03-31,F,female,40-44,162910
2009-03-31,F,female,40-64,710900
2009-03-31,F,female,45-49,166610
2009-03-31,F,female,5-9,142700
2009-03-31,F,female,50-54,144160
2009-03-31,F,female,55-59,125520
2009-03-31,F,female,60-64,111670
2009-03-31,F,female,65-69,86810
2009-03-31,F,female,65+,298200
2009-03-31,F,female,70-74,67110
2009-03-31,F,female,75-79,55890
2009-03-31,F,female,80-84,44840
2009-03-31,F,female,85-89,28730
2009-03-31,F,female,90+,14840
2009-03-31,F,female,median,37.38
2009-03-31,F,female,total,2193280
2009-06-30,F,female,0-14,439100
2009-06-30,F,female,0-4,149420
2009-06-30,F,female,10-14,146990
2009-06-30,F,female,15-19,156720
2009-06-30,F,female,15-39,745e3
2009-06-30,F,female,20-24,145730
2009-06-30,F,female,25-29,139e3
2009-06-30,F,female,30-34,140450
2009-06-30,F,female,35-39,163110
2009-06-30,F,female,40-44,163090
2009-06-30,F,female,40-64,714100
2009-06-30,F,female,45-49,166830
2009-06-30,F,female,5-9,142670
2009-06-30,F,female,50-54,145240
2009-06-30,F,female,55-59,126280
2009-06-30,F,female,60-64,112710
2009-06-30,F,female,65-69,87610
2009-06-30,F,female,65+,299700
2009-06-30,F,female,70-74,67440
2009-06-30,F,female,75-79,55920
2009-06-30,F,female,80-84,44890
2009-06-30,F,female,85-89,28990
2009-06-30,F,female,90+,14850
2009-06-30,F,female,median,37.46
2009-06-30,F,female,total,2197930
2009-09-30,F,female,0-14,439900
2009-09-30,F,female,0-4,150430
2009-09-30,F,female,10-14,147030
2009-09-30,F,female,15-19,157120
2009-09-30,F,female,15-39,746500
2009-09-30,F,female,20-24,146790
2009-09-30,F,female,25-29,139760
2009-09-30,F,female,30-34,140320
2009-09-30,F,female,35-39,162470
2009-09-30,F,female,40-44,163350
2009-09-30,F,female,40-64,717900
2009-09-30,F,female,45-49,167220
2009-09-30,F,female,5-9,142420
2009-09-30,F,female,50-54,146380
2009-09-30,F,female,55-59,126860
2009-09-30,F,female,60-64,114090
2009-09-30,F,female,65-69,88030
2009-09-30,F,female,65+,301100
2009-09-30,F,female,70-74,68190
2009-09-30,F,female,75-79,55940
2009-09-30,F,female,80-84,44840
2009-09-30,F,female,85-89,29350
2009-09-30,F,female,90+,14790
2009-09-30,F,female,median,37.51
2009-09-30,F,female,total,2205360
2009-12-31,F,female,0-14,440700
2009-12-31,F,female,0-4,151510
2009-12-31,F,female,10-14,147020
2009-12-31,F,female,15-19,156620
2009-12-31,F,female,15-39,747700
2009-12-31,F,female,20-24,147930
2009-12-31,F,female,25-29,140890
2009-12-31,F,female,30-34,140290
2009-12-31,F,female,35-39,161980
2009-12-31,F,female,40-44,163410
2009-12-31,F,female,40-64,721600
2009-12-31,F,female,45-49,167790
2009-12-31,F,female,5-9,142180
2009-12-31,F,female,50-54,147290
2009-12-31,F,female,55-59,127630
2009-12-31,F,female,60-64,115500
2009-12-31,F,female,65-69,88520
2009-12-31,F,female,65+,302900
2009-12-31,F,female,70-74,69130
2009-12-31,F,female,75-79,55860
2009-12-31,F,female,80-84,45010
2009-12-31,F,female,85-89,29390
2009-12-31,F,female,90+,15010
2009-12-31,F,female,median,37.56
2009-12-31,F,female,total,2212960
2010-03-31,F,female,0-14,441900
2010-03-31,F,female,0-4,152360
2010-03-31,F,female,10-14,147300
2010-03-31,F,female,15-19,156770
2010-03-31,F,female,15-39,748400
2010-03-31,F,female,20-24,149e3
2010-03-31,F,female,25-29,141190
2010-03-31,F,female,30-34,140150
2010-03-31,F,female,35-39,161290
2010-03-31,F,female,40-44,163820
2010-03-31,F,female,40-64,724800
2010-03-31,F,female,45-49,167540
2010-03-31,F,female,5-9,142190
2010-03-31,F,female,50-54,148460
2010-03-31,F,female,55-59,128220
2010-03-31,F,female,60-64,116740
2010-03-31,F,female,65-69,89240
2010-03-31,F,female,65+,304900
2010-03-31,F,female,70-74,69890
2010-03-31,F,female,75-79,55760
2010-03-31,F,female,80-84,45100
2010-03-31,F,female,85-89,29490
2010-03-31,F,female,90+,15470
2010-03-31,F,female,median,37.61
2010-03-31,F,female,total,2219970
2010-06-30,F,female,0-14,442400
2010-06-30,F,female,0-4,152980
2010-06-30,F,female,10-14,147410
2010-06-30,F,female,15-19,156270
2010-06-30,F,female,15-39,746500
2010-06-30,F,female,20-24,149320
2010-06-30,F,female,25-29,140550
2010-06-30,F,female,30-34,139890
2010-06-30,F,female,35-39,160420
2010-06-30,F,female,40-44,163980
2010-06-30,F,female,40-64,727100
2010-06-30,F,female,45-49,167320
2010-06-30,F,female,5-9,142e3
2010-06-30,F,female,50-54,149500
2010-06-30,F,female,55-59,128780
2010-06-30,F,female,60-64,117520
2010-06-30,F,female,65-69,90080
2010-06-30,F,female,65+,307e3
2010-06-30,F,female,70-74,70740
2010-06-30,F,female,75-79,55620
2010-06-30,F,female,80-84,45190
2010-06-30,F,female,85-89,29640
2010-06-30,F,female,90+,15750
2010-06-30,F,female,median,37.7
2010-06-30,F,female,total,2222940
2010-09-30,F,female,0-14,443100
2010-09-30,F,female,0-4,153780
2010-09-30,F,female,10-14,147410
2010-09-30,F,female,15-19,156290
2010-09-30,F,female,15-39,746800
2010-09-30,F,female,20-24,150630
2010-09-30,F,female,25-29,140780
2010-09-30,F,female,30-34,139860
2010-09-30,F,female,35-39,159230
2010-09-30,F,female,40-44,164440
2010-09-30,F,female,40-64,730400
2010-09-30,F,female,45-49,167230
2010-09-30,F,female,5-9,141880
2010-09-30,F,female,50-54,150670
2010-09-30,F,female,55-59,129690
2010-09-30,F,female,60-64,118350
2010-09-30,F,female,65-69,90610
2010-09-30,F,female,65+,309e3
2010-09-30,F,female,70-74,72060
2010-09-30,F,female,75-79,55500
2010-09-30,F,female,80-84,45330
2010-09-30,F,female,85-89,29580
2010-09-30,F,female,90+,15940
2010-09-30,F,female,median,37.76
2010-09-30,F,female,total,2229280
2010-12-31,F,female,0-14,443400
2010-12-31,F,female,0-4,154280
2010-12-31,F,female,10-14,147360
2010-12-31,F,female,15-19,155330
2010-12-31,F,female,15-39,746300
2010-12-31,F,female,20-24,151650
2010-12-31,F,female,25-29,141370
2010-12-31,F,female,30-34,140370
2010-12-31,F,female,35-39,157570
2010-12-31,F,female,40-44,164860
2010-12-31,F,female,40-64,733900
2010-12-31,F,female,45-49,166920
2010-12-31,F,female,5-9,141740
2010-12-31,F,female,50-54,152010
2010-12-31,F,female,55-59,130300
2010-12-31,F,female,60-64,119770
2010-12-31,F,female,65-69,91090
2010-12-31,F,female,65+,311200
2010-12-31,F,female,70-74,73170
2010-12-31,F,female,75-79,55590
2010-12-31,F,female,80-84,45560
2010-12-31,F,female,85-89,29600
2010-12-31,F,female,90+,16180
2010-12-31,F,female,median,37.83
2010-12-31,F,female,total,2234710
2011-03-31,F,female,0-14,443800
2011-03-31,F,female,0-4,154520
2011-03-31,F,female,10-14,147460
2011-03-31,F,female,15-19,155040
2011-03-31,F,female,15-39,745600
2011-03-31,F,female,20-24,152690
2011-03-31,F,female,25-29,141280
2011-03-31,F,female,30-34,140460
2011-03-31,F,female,35-39,156110
2011-03-31,F,female,40-44,165470
2011-03-31,F,female,40-64,736800
2011-03-31,F,female,45-49,166460
2011-03-31,F,female,5-9,141820
2011-03-31,F,female,50-54,152840
2011-03-31,F,female,55-59,131370
2011-03-31,F,female,60-64,120680
2011-03-31,F,female,65-69,91590
2011-03-31,F,female,65+,313e3
2011-03-31,F,female,70-74,73900
2011-03-31,F,female,75-79,55650
2011-03-31,F,female,80-84,45730
2011-03-31,F,female,85-89,29840
2011-03-31,F,female,90+,16320
2011-03-31,F,female,median,37.89
2011-03-31,F,female,total,2239210
2011-06-30,F,female,0-14,444e3
2011-06-30,F,female,0-4,154440
2011-06-30,F,female,10-14,147470
2011-06-30,F,female,15-19,154220
2011-06-30,F,female,15-39,742500
2011-06-30,F,female,20-24,152740
2011-06-30,F,female,25-29,140800
2011-06-30,F,female,30-34,14e4
2011-06-30,F,female,35-39,154710
2011-06-30,F,female,40-44,165930
2011-06-30,F,female,40-64,739e3
2011-06-30,F,female,45-49,165720
2011-06-30,F,female,5-9,142060
2011-06-30,F,female,50-54,153890
2011-06-30,F,female,55-59,132270
2011-06-30,F,female,60-64,121240
2011-06-30,F,female,65-69,92280
2011-06-30,F,female,65+,314900
2011-06-30,F,female,70-74,74730
2011-06-30,F,female,75-79,55800
2011-06-30,F,female,80-84,45730
2011-06-30,F,female,85-89,29960
2011-06-30,F,female,90+,16430
2011-06-30,F,female,median,37.99
2011-06-30,F,female,total,2240430
2011-09-30,F,female,0-14,443900
2011-09-30,F,female,0-4,154660
2011-09-30,F,female,10-14,147220
2011-09-30,F,female,15-19,154160
2011-09-30,F,female,15-39,742100
2011-09-30,F,female,20-24,153790
2011-09-30,F,female,25-29,140960
2011-09-30,F,female,30-34,140060
2011-09-30,F,female,35-39,153110
2011-09-30,F,female,40-44,166380
2011-09-30,F,female,40-64,741400
2011-09-30,F,female,45-49,165160
2011-09-30,F,female,5-9,142040
2011-09-30,F,female,50-54,155e3
2011-09-30,F,female,55-59,133340
2011-09-30,F,female,60-64,121550
2011-09-30,F,female,65-69,93410
2011-09-30,F,female,65+,317200
2011-09-30,F,female,70-74,75870
2011-09-30,F,female,75-79,55870
2011-09-30,F,female,80-84,45710
2011-09-30,F,female,85-89,29890
2011-09-30,F,female,90+,16460
2011-09-30,F,female,median,38.04
2011-09-30,F,female,total,2244650
2011-12-31,F,female,0-14,443400
2011-12-31,F,female,0-4,154300
2011-12-31,F,female,10-14,146880
2011-12-31,F,female,15-19,153540
2011-12-31,F,female,15-39,741200
2011-12-31,F,female,20-24,154280
2011-12-31,F,female,25-29,141420
2011-12-31,F,female,30-34,140160
2011-12-31,F,female,35-39,151780
2011-12-31,F,female,40-44,166600
2011-12-31,F,female,40-64,743300
2011-12-31,F,female,45-49,164920
2011-12-31,F,female,5-9,142190
2011-12-31,F,female,50-54,155860
2011-12-31,F,female,55-59,134380
2011-12-31,F,female,60-64,121550
2011-12-31,F,female,65-69,95080
2011-12-31,F,female,65+,320400
2011-12-31,F,female,70-74,76800
2011-12-31,F,female,75-79,56250
2011-12-31,F,female,80-84,45720
2011-12-31,F,female,85-89,29910
2011-12-31,F,female,90+,16660
2011-12-31,F,female,median,38.13
2011-12-31,F,female,total,2248290
2012-03-31,F,female,0-14,443600
2012-03-31,F,female,0-4,154080
2012-03-31,F,female,10-14,146660
2012-03-31,F,female,15-19,153110
2012-03-31,F,female,15-39,740100
2012-03-31,F,female,20-24,154810
2012-03-31,F,female,25-29,141180
2012-03-31,F,female,30-34,140360
2012-03-31,F,female,35-39,150610
2012-03-31,F,female,40-44,166530
2012-03-31,F,female,40-64,744600
2012-03-31,F,female,45-49,164410
2012-03-31,F,female,5-9,142830
2012-03-31,F,female,50-54,156850
2012-03-31,F,female,55-59,135240
2012-03-31,F,female,60-64,121550
2012-03-31,F,female,65-69,96590
2012-03-31,F,female,65+,323600
2012-03-31,F,female,70-74,77730
2012-03-31,F,female,75-79,56570
2012-03-31,F,female,80-84,45700
2012-03-31,F,female,85-89,30060
2012-03-31,F,female,90+,16930
2012-03-31,F,female,median,38.2
2012-03-31,F,female,total,2251800
2012-06-30,F,female,0-14,443300
2012-06-30,F,female,0-4,153640
2012-06-30,F,female,10-14,146110
2012-06-30,F,female,15-19,153e3
2012-06-30,F,female,15-39,737300
2012-06-30,F,female,20-24,154300
2012-06-30,F,female,25-29,140570
2012-06-30,F,female,30-34,140280
2012-06-30,F,female,35-39,149150
2012-06-30,F,female,40-44,166740
2012-06-30,F,female,40-64,746400
2012-06-30,F,female,45-49,163590
2012-06-30,F,female,5-9,143580
2012-06-30,F,female,50-54,158090
2012-06-30,F,female,55-59,136040
2012-06-30,F,female,60-64,121900
2012-06-30,F,female,65-69,97740
2012-06-30,F,female,65+,326100
2012-06-30,F,female,70-74,78530
2012-06-30,F,female,75-79,56910
2012-06-30,F,female,80-84,45760
2012-06-30,F,female,85-89,30080
2012-06-30,F,female,90+,17040
2012-06-30,F,female,median,38.29
2012-06-30,F,female,total,2253060
2012-09-30,F,female,0-14,443300
2012-09-30,F,female,0-4,153320
2012-09-30,F,female,10-14,145790
2012-09-30,F,female,15-19,153030
2012-09-30,F,female,15-39,737100
2012-09-30,F,female,20-24,154810
2012-09-30,F,female,25-29,140970
2012-09-30,F,female,30-34,140360
2012-09-30,F,female,35-39,147970
2012-09-30,F,female,40-44,166940
2012-09-30,F,female,40-64,748200
2012-09-30,F,female,45-49,163140
2012-09-30,F,female,5-9,144170
2012-09-30,F,female,50-54,158910
2012-09-30,F,female,55-59,137050
2012-09-30,F,female,60-64,122150
2012-09-30,F,female,65-69,99460
2012-09-30,F,female,65+,328500
2012-09-30,F,female,70-74,79100
2012-09-30,F,female,75-79,57210
2012-09-30,F,female,80-84,45710
2012-09-30,F,female,85-89,30020
2012-09-30,F,female,90+,17030
2012-09-30,F,female,median,38.35
2012-09-30,F,female,total,2257130
2012-12-31,F,female,0-14,443100
2012-12-31,F,female,0-4,153040
2012-12-31,F,female,10-14,145180
2012-12-31,F,female,15-19,152620
2012-12-31,F,female,15-39,737100
2012-12-31,F,female,20-24,155160
2012-12-31,F,female,25-29,141550
2012-12-31,F,female,30-34,141060
2012-12-31,F,female,35-39,146750
2012-12-31,F,female,40-44,167020
2012-12-31,F,female,40-64,75e4
2012-12-31,F,female,45-49,162670
2012-12-31,F,female,5-9,144920
2012-12-31,F,female,50-54,159820
2012-12-31,F,female,55-59,137830
2012-12-31,F,female,60-64,122670
2012-12-31,F,female,65-69,101530
2012-12-31,F,female,65+,331700
2012-12-31,F,female,70-74,79410
2012-12-31,F,female,75-79,57750
2012-12-31,F,female,80-84,45910
2012-12-31,F,female,85-89,30030
2012-12-31,F,female,90+,17110
2012-12-31,F,female,median,38.42
2012-12-31,F,female,total,2262030
2013-03-31,F,female,0-14,443100
2013-03-31,F,female,0-4,152380
2013-03-31,F,female,10-14,144800
2013-03-31,F,female,15-19,152500
2013-03-31,F,female,15-39,737500
2013-03-31,F,female,20-24,155720
2013-03-31,F,female,25-29,141990
2013-03-31,F,female,30-34,141510
2013-03-31,F,female,35-39,145790
2013-03-31,F,female,40-44,166890
2013-03-31,F,female,40-64,751500
2013-03-31,F,female,45-49,162e3
2013-03-31,F,female,5-9,145900
2013-03-31,F,female,50-54,161050
2013-03-31,F,female,55-59,138680
2013-03-31,F,female,60-64,122900
2013-03-31,F,female,65-69,103540
2013-03-31,F,female,65+,334900
2013-03-31,F,female,70-74,79760
2013-03-31,F,female,75-79,57980
2013-03-31,F,female,80-84,46e3
2013-03-31,F,female,85-89,30240
2013-03-31,F,female,90+,17350
2013-03-31,F,female,median,38.47
2013-03-31,F,female,total,2266970
2013-06-30,F,female,0-14,442900
2013-06-30,F,female,0-4,151770
2013-06-30,F,female,10-14,144580
2013-06-30,F,female,15-19,152330
2013-06-30,F,female,15-39,736700
2013-06-30,F,female,20-24,155740
2013-06-30,F,female,25-29,142160
2013-06-30,F,female,30-34,141580
2013-06-30,F,female,35-39,144860
2013-06-30,F,female,40-44,166410
2013-06-30,F,female,40-64,753e3
2013-06-30,F,female,45-49,161890
2013-06-30,F,female,5-9,146490
2013-06-30,F,female,50-54,161990
2013-06-30,F,female,55-59,139590
2013-06-30,F,female,60-64,123110
2013-06-30,F,female,65-69,105190
2013-06-30,F,female,65+,337400
2013-06-30,F,female,70-74,8e4
2013-06-30,F,female,75-79,58330
2013-06-30,F,female,80-84,46030
2013-06-30,F,female,85-89,30440
2013-06-30,F,female,90+,17440
2013-06-30,F,female,median,38.55
2013-06-30,F,female,total,2269940
2013-09-30,F,female,0-14,442700
2013-09-30,F,female,0-4,151240
2013-09-30,F,female,10-14,144260
2013-09-30,F,female,15-19,152600
2013-09-30,F,female,15-39,739400
2013-09-30,F,female,20-24,156800
2013-09-30,F,female,25-29,143600
2013-09-30,F,female,30-34,142230
2013-09-30,F,female,35-39,144140
2013-09-30,F,female,40-44,166160
2013-09-30,F,female,40-64,754800
2013-09-30,F,female,45-49,161570
2013-09-30,F,female,5-9,147210
2013-09-30,F,female,50-54,162800
2013-09-30,F,female,55-59,140550
2013-09-30,F,female,60-64,123760
2013-09-30,F,female,65-69,106500
2013-09-30,F,female,65+,340300
2013-09-30,F,female,70-74,80700
2013-09-30,F,female,75-79,58830
2013-09-30,F,female,80-84,46200
2013-09-30,F,female,85-89,30490
2013-09-30,F,female,90+,17540
2013-09-30,F,female,median,38.57
2013-09-30,F,female,total,2277180
2013-12-31,F,female,0-14,443300
2013-12-31,F,female,0-4,151020
2013-12-31,F,female,10-14,144350
2013-12-31,F,female,15-19,151900
2013-12-31,F,female,15-39,741900
2013-12-31,F,female,20-24,158050
2013-12-31,F,female,25-29,145300
2013-12-31,F,female,30-34,142980
2013-12-31,F,female,35-39,143660
2013-12-31,F,female,40-44,165720
2013-12-31,F,female,40-64,756600
2013-12-31,F,female,45-49,161800
2013-12-31,F,female,5-9,147900
2013-12-31,F,female,50-54,163200
2013-12-31,F,female,55-59,141540
2013-12-31,F,female,60-64,124370
2013-12-31,F,female,65-69,108240
2013-12-31,F,female,65+,343800
2013-12-31,F,female,70-74,81390
2013-12-31,F,female,75-79,59570
2013-12-31,F,female,80-84,46170
2013-12-31,F,female,85-89,30680
2013-12-31,F,female,90+,17770
2013-12-31,F,female,median,38.59
2013-12-31,F,female,total,2285600
2014-03-31,F,female,0-14,443900
2014-03-31,F,female,0-4,150850
2014-03-31,F,female,10-14,144620
2014-03-31,F,female,15-19,152120
2014-03-31,F,female,15-39,745300
2014-03-31,F,female,20-24,159180
2014-03-31,F,female,25-29,146920
2014-03-31,F,female,30-34,143750
2014-03-31,F,female,35-39,143330
2014-03-31,F,female,40-44,165330
2014-03-31,F,female,40-64,758400
2014-03-31,F,female,45-49,161690
2014-03-31,F,female,5-9,148430
2014-03-31,F,female,50-54,163730
2014-03-31,F,female,55-59,142580
2014-03-31,F,female,60-64,125040
2014-03-31,F,female,65-69,109500
2014-03-31,F,female,65+,346800
2014-03-31,F,female,70-74,82060
2014-03-31,F,female,75-79,60190
2014-03-31,F,female,80-84,46210
2014-03-31,F,female,85-89,30880
2014-03-31,F,female,90+,18010
2014-03-31,F,female,median,38.59
2014-03-31,F,female,total,2294420
2014-06-30,F,female,0-14,444e3
2014-06-30,F,female,0-4,150450
2014-06-30,F,female,10-14,144370
2014-06-30,F,female,15-19,152140
2014-06-30,F,female,15-39,746500
2014-06-30,F,female,20-24,159330
2014-06-30,F,female,25-29,147870
2014-06-30,F,female,30-34,144170
2014-06-30,F,female,35-39,143040
2014-06-30,F,female,40-44,164810
2014-06-30,F,female,40-64,760100
2014-06-30,F,female,45-49,161780
2014-06-30,F,female,5-9,149220
2014-06-30,F,female,50-54,164040
2014-06-30,F,female,55-59,143680
2014-06-30,F,female,60-64,125730
2014-06-30,F,female,65-69,110590
2014-06-30,F,female,65+,349500
2014-06-30,F,female,70-74,82900
2014-06-30,F,female,75-79,60560
2014-06-30,F,female,80-84,46250
2014-06-30,F,female,85-89,31070
2014-06-30,F,female,90+,18150
2014-06-30,F,female,median,38.63
2014-06-30,F,female,total,2300160
2014-09-30,F,female,0-14,444e3
2014-09-30,F,female,0-4,149780
2014-09-30,F,female,10-14,143910
2014-09-30,F,female,15-19,152940
2014-09-30,F,female,15-39,751800
2014-09-30,F,female,20-24,160690
2014-09-30,F,female,25-29,150040
2014-09-30,F,female,30-34,145260
2014-09-30,F,female,35-39,142840
2014-09-30,F,female,40-44,164130
2014-09-30,F,female,40-64,761700
2014-09-30,F,female,45-49,162070
2014-09-30,F,female,5-9,150330
2014-09-30,F,female,50-54,164380
2014-09-30,F,female,55-59,144740
2014-09-30,F,female,60-64,126420
2014-09-30,F,female,65-69,111940
2014-09-30,F,female,65+,352100
2014-09-30,F,female,70-74,83360
2014-09-30,F,female,75-79,61330
2014-09-30,F,female,80-84,46220
2014-09-30,F,female,85-89,30980
2014-09-30,F,female,90+,18300
2014-09-30,F,female,median,38.6
2014-09-30,F,female,total,2309670
2014-12-31,F,female,0-14,444500
2014-12-31,F,female,0-4,149480
2014-12-31,F,female,10-14,143570
2014-12-31,F,female,15-19,152740
2014-12-31,F,female,15-39,756600
2014-12-31,F,female,20-24,161730
2014-12-31,F,female,25-29,152940
2014-12-31,F,female,30-34,146460
2014-12-31,F,female,35-39,142700
2014-12-31,F,female,40-44,163580
2014-12-31,F,female,40-64,763700
2014-12-31,F,female,45-49,162340
2014-12-31,F,female,5-9,151430
2014-12-31,F,female,50-54,164950
2014-12-31,F,female,55-59,145610
2014-12-31,F,female,60-64,127250
2014-12-31,F,female,65-69,113430
2014-12-31,F,female,65+,355600
2014-12-31,F,female,70-74,83950
2014-12-31,F,female,75-79,62330
2014-12-31,F,female,80-84,46210
2014-12-31,F,female,85-89,31160
2014-12-31,F,female,90+,18470
2014-12-31,F,female,median,38.59
2014-12-31,F,female,total,2320320
2015-03-31,F,female,0-14,445100
2015-03-31,F,female,0-4,149060
2015-03-31,F,female,10-14,143610
2015-03-31,F,female,15-19,153370
2015-03-31,F,female,15-39,762400
2015-03-31,F,female,20-24,163270
2015-03-31,F,female,25-29,155300
2015-03-31,F,female,30-34,147570
2015-03-31,F,female,35-39,142870
2015-03-31,F,female,40-44,163060
2015-03-31,F,female,40-64,765300
2015-03-31,F,female,45-49,162860
2015-03-31,F,female,5-9,152420
2015-03-31,F,female,50-54,164770
2015-03-31,F,female,55-59,146730
2015-03-31,F,female,60-64,127840
2015-03-31,F,female,65-69,114660
2015-03-31,F,female,65+,358800
2015-03-31,F,female,70-74,84770
2015-03-31,F,female,75-79,63100
2015-03-31,F,female,80-84,46110
2015-03-31,F,female,85-89,31390
2015-03-31,F,female,90+,18730
2015-03-31,F,female,median,38.55
2015-03-31,F,female,total,2331490
2015-06-30,F,female,0-14,445600
2015-06-30,F,female,0-4,148870
2015-06-30,F,female,10-14,143390
2015-06-30,F,female,15-19,153330
2015-06-30,F,female,15-39,764700
2015-06-30,F,female,20-24,163200
2015-06-30,F,female,25-29,156760
2015-06-30,F,female,30-34,148490
2015-06-30,F,female,35-39,142930
2015-06-30,F,female,40-44,162380
2015-06-30,F,female,40-64,766600
2015-06-30,F,female,45-49,163190
2015-06-30,F,female,5-9,153350
2015-06-30,F,female,50-54,164650
2015-06-30,F,female,55-59,147850
2015-06-30,F,female,60-64,128500
2015-06-30,F,female,65-69,115510
2015-06-30,F,female,65+,361600
2015-06-30,F,female,70-74,85620
2015-06-30,F,female,75-79,64010
2015-06-30,F,female,80-84,46030
2015-06-30,F,female,85-89,31500
2015-06-30,F,female,90+,18970
2015-06-30,F,female,median,38.57
2015-06-30,F,female,total,2338530
2015-09-30,F,female,0-14,446200
2015-09-30,F,female,0-4,148530
2015-09-30,F,female,10-14,143170
2015-09-30,F,female,15-19,154060
2015-09-30,F,female,15-39,771500
2015-09-30,F,female,20-24,164630
2015-09-30,F,female,25-29,159800
2015-09-30,F,female,30-34,149770
2015-09-30,F,female,35-39,143240
2015-09-30,F,female,40-44,161310
2015-09-30,F,female,40-64,768300
2015-09-30,F,female,45-49,163860
2015-09-30,F,female,5-9,154480
2015-09-30,F,female,50-54,164560
2015-09-30,F,female,55-59,149090
2015-09-30,F,female,60-64,129440
2015-09-30,F,female,65-69,116410
2015-09-30,F,female,65+,364200
2015-09-30,F,female,70-74,86200
2015-09-30,F,female,75-79,65210
2015-09-30,F,female,80-84,45880
2015-09-30,F,female,85-89,31630
2015-09-30,F,female,90+,18850
2015-09-30,F,female,median,38.51
2015-09-30,F,female,total,2350120
2015-12-31,F,female,0-14,446800
2015-12-31,F,female,0-4,148500
2015-12-31,F,female,10-14,143e3
2015-12-31,F,female,15-19,153970
2015-12-31,F,female,15-39,778700
2015-12-31,F,female,20-24,165730
2015-12-31,F,female,25-29,163470
2015-12-31,F,female,30-34,151400
2015-12-31,F,female,35-39,144090
2015-12-31,F,female,40-44,159780
2015-12-31,F,female,40-64,769500
2015-12-31,F,female,45-49,164630
2015-12-31,F,female,5-9,155340
2015-12-31,F,female,50-54,164430
2015-12-31,F,female,55-59,150490
2015-12-31,F,female,60-64,130190
2015-12-31,F,female,65-69,117780
2015-12-31,F,female,65+,367700
2015-12-31,F,female,70-74,86750
2015-12-31,F,female,75-79,66350
2015-12-31,F,female,80-84,45980
2015-12-31,F,female,85-89,31820
2015-12-31,F,female,90+,19010
2015-12-31,F,female,median,38.46
2015-12-31,F,female,total,2362710
2016-03-31,F,female,0-14,447900
2016-03-31,F,female,0-4,148390
2016-03-31,F,female,10-14,143340
2016-03-31,F,female,15-19,154680
2016-03-31,F,female,15-39,786100
2016-03-31,F,female,20-24,166980
2016-03-31,F,female,25-29,166810
2016-03-31,F,female,30-34,152820
2016-03-31,F,female,35-39,144800
2016-03-31,F,female,40-44,158740
2016-03-31,F,female,40-64,771200
2016-03-31,F,female,45-49,165470
2016-03-31,F,female,5-9,156150
2016-03-31,F,female,50-54,164210
2016-03-31,F,female,55-59,151470
2016-03-31,F,female,60-64,131340
2016-03-31,F,female,65-69,118770
2016-03-31,F,female,65+,370800
2016-03-31,F,female,70-74,87310
2016-03-31,F,female,75-79,67190
2016-03-31,F,female,80-84,46180
2016-03-31,F,female,85-89,32090
2016-03-31,F,female,90+,19320
2016-03-31,F,female,median,38.4
2016-03-31,F,female,total,2376050
2016-06-30,F,female,0-14,448900
2016-06-30,F,female,0-4,148330
2016-06-30,F,female,10-14,143850
2016-06-30,F,female,15-19,154530
2016-06-30,F,female,15-39,788900
2016-06-30,F,female,20-24,166630
2016-06-30,F,female,25-29,168410
2016-06-30,F,female,30-34,154190
2016-06-30,F,female,35-39,145160
2016-06-30,F,female,40-44,157590
2016-06-30,F,female,40-64,772800
2016-06-30,F,female,45-49,166350
2016-06-30,F,female,5-9,156690
2016-06-30,F,female,50-54,163710
2016-06-30,F,female,55-59,152710
2016-06-30,F,female,60-64,132410
2016-06-30,F,female,65-69,119340
2016-06-30,F,female,65+,373600
2016-06-30,F,female,70-74,88050
2016-06-30,F,female,75-79,68070
2016-06-30,F,female,80-84,46400
2016-06-30,F,female,85-89,32250
2016-06-30,F,female,90+,19470
2016-06-30,F,female,median,38.41
2016-06-30,F,female,total,2384150
2016-09-30,F,female,0-14,450300
2016-09-30,F,female,0-4,148710
2016-09-30,F,female,10-14,144120
2016-09-30,F,female,15-19,154960
2016-09-30,F,female,15-39,795900
2016-09-30,F,female,20-24,167770
2016-09-30,F,female,25-29,171250
2016-09-30,F,female,30-34,155910
2016-09-30,F,female,35-39,145960
2016-09-30,F,female,40-44,156570
2016-09-30,F,female,40-64,774600
2016-09-30,F,female,45-49,167040
2016-09-30,F,female,5-9,157510
2016-09-30,F,female,50-54,163450
2016-09-30,F,female,55-59,153950
2016-09-30,F,female,60-64,133560
2016-09-30,F,female,65-69,119780
2016-09-30,F,female,65+,376500
2016-09-30,F,female,70-74,89210
2016-09-30,F,female,75-79,69200
2016-09-30,F,female,80-84,46550
2016-09-30,F,female,85-89,32260
2016-09-30,F,female,90+,19520
2016-09-30,F,female,median,38.35
2016-09-30,F,female,total,2397270
2016-12-31,F,female,0-14,451500
2016-12-31,F,female,0-4,149070
2016-12-31,F,female,10-14,144640
2016-12-31,F,female,15-19,154470
2016-12-31,F,female,15-39,802700
2016-12-31,F,female,20-24,169150
2016-12-31,F,female,25-29,174380
2016-12-31,F,female,30-34,158010
2016-12-31,F,female,35-39,146730
2016-12-31,F,female,40-44,155650
2016-12-31,F,female,40-64,776400
2016-12-31,F,female,45-49,167560
2016-12-31,F,female,5-9,157780
2016-12-31,F,female,50-54,163500
2016-12-31,F,female,55-59,155e3
2016-12-31,F,female,60-64,134720
2016-12-31,F,female,65-69,120060
2016-12-31,F,female,65+,38e4
2016-12-31,F,female,70-74,90900
2016-12-31,F,female,75-79,70180
2016-12-31,F,female,80-84,46830
2016-12-31,F,female,85-89,32330
2016-12-31,F,female,90+,19710
2016-12-31,F,female,median,38.31
2016-12-31,F,female,total,2410660
2017-03-31,F,female,0-14,453200
2017-03-31,F,female,0-4,148890
2017-03-31,F,female,10-14,145860
2017-03-31,F,female,15-19,154830
2017-03-31,F,female,15-39,809900
2017-03-31,F,female,20-24,170140
2017-03-31,F,female,25-29,177560
2017-03-31,F,female,30-34,159390
2017-03-31,F,female,35-39,147980
2017-03-31,F,female,40-44,155090
2017-03-31,F,female,40-64,778200
2017-03-31,F,female,45-49,167910
2017-03-31,F,female,5-9,158460
2017-03-31,F,female,50-54,163370
2017-03-31,F,female,55-59,156100
2017-03-31,F,female,60-64,135700
2017-03-31,F,female,65-69,120070
2017-03-31,F,female,65+,383300
2017-03-31,F,female,70-74,92500
2017-03-31,F,female,75-79,71090
2017-03-31,F,female,80-84,47230
2017-03-31,F,female,85-89,32400
2017-03-31,F,female,90+,20020
2017-03-31,F,female,median,38.25
2017-03-31,F,female,total,2424580
2017-06-30,F,female,0-14,454700
2017-06-30,F,female,0-4,148900
2017-06-30,F,female,10-14,147040
2017-06-30,F,female,15-19,154030
2017-06-30,F,female,15-39,812600
2017-06-30,F,female,20-24,170200
2017-06-30,F,female,25-29,178800
2017-06-30,F,female,30-34,160770
2017-06-30,F,female,35-39,148790
2017-06-30,F,female,40-44,154130
2017-06-30,F,female,40-64,779300
2017-06-30,F,female,45-49,168370
2017-06-30,F,female,5-9,158770
2017-06-30,F,female,50-54,162860
2017-06-30,F,female,55-59,157370
2017-06-30,F,female,60-64,136600
2017-06-30,F,female,65-69,120490
2017-06-30,F,female,65+,386100
2017-06-30,F,female,70-74,93690
2017-06-30,F,female,75-79,71830
2017-06-30,F,female,80-84,47590
2017-06-30,F,female,85-89,32370
2017-06-30,F,female,90+,20170
2017-06-30,F,female,median,38.25
2017-06-30,F,female,total,2432760
2017-09-30,F,female,0-14,456200
2017-09-30,F,female,0-4,148940
2017-09-30,F,female,10-14,148080
2017-09-30,F,female,15-19,154370
2017-09-30,F,female,15-39,818900
2017-09-30,F,female,20-24,170760
2017-09-30,F,female,25-29,180890
2017-09-30,F,female,30-34,163040
2017-09-30,F,female,35-39,149800
2017-09-30,F,female,40-44,153330
2017-09-30,F,female,40-64,780700
2017-09-30,F,female,45-49,168820
2017-09-30,F,female,5-9,159190
2017-09-30,F,female,50-54,162580
2017-09-30,F,female,55-59,158230
2017-09-30,F,female,60-64,137700
2017-09-30,F,female,65-69,120840
2017-09-30,F,female,65+,388700
2017-09-30,F,female,70-74,95310
2017-09-30,F,female,75-79,72430
2017-09-30,F,female,80-84,47760
2017-09-30,F,female,85-89,32310
2017-09-30,F,female,90+,20020
2017-09-30,F,female,median,38.2
2017-09-30,F,female,total,2444410
2017-12-31,F,female,0-14,457700
2017-12-31,F,female,0-4,148920
2017-12-31,F,female,10-14,149180
2017-12-31,F,female,15-19,153650
2017-12-31,F,female,15-39,825100
2017-12-31,F,female,20-24,171640
2017-12-31,F,female,25-29,183520
2017-12-31,F,female,30-34,164970
2017-12-31,F,female,35-39,151360
2017-12-31,F,female,40-44,152370
2017-12-31,F,female,40-64,782e3
2017-12-31,F,female,45-49,169280
2017-12-31,F,female,5-9,159560
2017-12-31,F,female,50-54,162360
2017-12-31,F,female,55-59,159310
2017-12-31,F,female,60-64,138680
2017-12-31,F,female,65-69,121350
2017-12-31,F,female,65+,392500
2017-12-31,F,female,70-74,97290
2017-12-31,F,female,75-79,72740
2017-12-31,F,female,80-84,48410
2017-12-31,F,female,85-89,32530
2017-12-31,F,female,90+,20150
2017-12-31,F,female,median,38.17
2017-12-31,F,female,total,2457280
2018-03-31,F,female,0-14,459300
2018-03-31,F,female,0-4,149030
2018-03-31,F,female,10-14,150780
2018-03-31,F,female,15-19,153640
2018-03-31,F,female,15-39,831600
2018-03-31,F,female,20-24,172390
2018-03-31,F,female,25-29,185700
2018-03-31,F,female,30-34,167160
2018-03-31,F,female,35-39,152750
2018-03-31,F,female,40-44,151790
2018-03-31,F,female,40-64,783400
2018-03-31,F,female,45-49,169430
2018-03-31,F,female,5-9,159480
2018-03-31,F,female,50-54,161890
2018-03-31,F,female,55-59,160690
2018-03-31,F,female,60-64,139590
2018-03-31,F,female,65-69,121710
2018-03-31,F,female,65+,395800
2018-03-31,F,female,70-74,99270
2018-03-31,F,female,75-79,73060
2018-03-31,F,female,80-84,48660
2018-03-31,F,female,85-89,32720
2018-03-31,F,female,90+,20390
2018-03-31,F,female,median,38.13
2018-03-31,F,female,total,2470120
2018-06-30,P,female,0-14,460100
2018-06-30,P,female,0-4,149020
2018-06-30,P,female,10-14,151740
2018-06-30,P,female,15-19,153090
2018-06-30,P,female,15-39,833500
2018-06-30,P,female,20-24,171820
2018-06-30,P,female,25-29,186200
2018-06-30,P,female,30-34,168800
2018-06-30,P,female,35-39,153560
2018-06-30,P,female,40-44,151060
2018-06-30,P,female,40-64,784600
2018-06-30,P,female,45-49,169240
2018-06-30,P,female,5-9,159330
2018-06-30,P,female,50-54,161960
2018-06-30,P,female,55-59,161720
2018-06-30,P,female,60-64,140600
2018-06-30,P,female,65-69,121850
2018-06-30,P,female,65+,398400
2018-06-30,P,female,70-74,100890
2018-06-30,P,female,75-79,73290
2018-06-30,P,female,80-84,49090
2018-06-30,P,female,85-89,32730
2018-06-30,P,female,90+,20500
2018-06-30,P,female,median,38.16
2018-06-30,P,female,total,2476490
2008-06-30,F,male,0-14,458800
2008-06-30,F,male,0-4,154290
2008-06-30,F,male,10-14,155530
2008-06-30,F,male,15-19,160500
2008-06-30,F,male,15-39,715200
2008-06-30,F,male,20-24,144390
2008-06-30,F,male,25-29,131140
2008-06-30,F,male,30-34,129840
2008-06-30,F,male,35-39,149370
2008-06-30,F,male,40-44,151770
2008-06-30,F,male,40-64,667900
2008-06-30,F,male,45-49,155460
2008-06-30,F,male,5-9,148990
2008-06-30,F,male,50-54,135790
2008-06-30,F,male,55-59,120640
2008-06-30,F,male,60-64,104250
2008-06-30,F,male,65-69,80610
2008-06-30,F,male,65+,241500
2008-06-30,F,male,70-74,59950
2008-06-30,F,male,75-79,47910
2008-06-30,F,male,80-84,32460
2008-06-30,F,male,85-89,15080
2008-06-30,F,male,90+,5460
2008-06-30,F,male,median,35.59
2008-06-30,F,male,total,2083430
2008-09-30,F,male,0-14,459400
2008-09-30,F,male,0-4,155270
2008-09-30,F,male,10-14,155230
2008-09-30,F,male,15-19,160750
2008-09-30,F,male,15-39,715300
2008-09-30,F,male,20-24,144950
2008-09-30,F,male,25-29,131530
2008-09-30,F,male,30-34,129340
2008-09-30,F,male,35-39,148760
2008-09-30,F,male,40-44,151380
2008-09-30,F,male,40-64,670300
2008-09-30,F,male,45-49,155870
2008-09-30,F,male,5-9,148940
2008-09-30,F,male,50-54,136840
2008-09-30,F,male,55-59,120830
2008-09-30,F,male,60-64,105370
2008-09-30,F,male,65-69,81430
2008-09-30,F,male,65+,243e3
2008-09-30,F,male,70-74,60490
2008-09-30,F,male,75-79,47730
2008-09-30,F,male,80-84,32680
2008-09-30,F,male,85-89,15250
2008-09-30,F,male,90+,5450
2008-09-30,F,male,median,35.64
2008-09-30,F,male,total,2088080
2008-12-31,F,male,0-14,46e4
2008-12-31,F,male,0-4,156140
2008-12-31,F,male,10-14,154760
2008-12-31,F,male,15-19,160210
2008-12-31,F,male,15-39,715200
2008-12-31,F,male,20-24,145130
2008-12-31,F,male,25-29,132600
2008-12-31,F,male,30-34,128920
2008-12-31,F,male,35-39,148340
2008-12-31,F,male,40-44,151190
2008-12-31,F,male,40-64,673100
2008-12-31,F,male,45-49,156080
2008-12-31,F,male,5-9,149070
2008-12-31,F,male,50-54,137850
2008-12-31,F,male,55-59,121150
2008-12-31,F,male,60-64,106880
2008-12-31,F,male,65-69,82080
2008-12-31,F,male,65+,244900
2008-12-31,F,male,70-74,61070
2008-12-31,F,male,75-79,47760
2008-12-31,F,male,80-84,32970
2008-12-31,F,male,85-89,15500
2008-12-31,F,male,90+,5540
2008-12-31,F,male,median,35.71
2008-12-31,F,male,total,2093250
2009-03-31,F,male,0-14,461e3
2009-03-31,F,male,0-4,157120
2009-03-31,F,male,10-14,154610
2009-03-31,F,male,15-19,160490
2009-03-31,F,male,15-39,716700
2009-03-31,F,male,20-24,146260
2009-03-31,F,male,25-29,133320
2009-03-31,F,male,30-34,128680
2009-03-31,F,male,35-39,147930
2009-03-31,F,male,40-44,151010
2009-03-31,F,male,40-64,675700
2009-03-31,F,male,45-49,156490
2009-03-31,F,male,5-9,149320
2009-03-31,F,male,50-54,138440
2009-03-31,F,male,55-59,121640
2009-03-31,F,male,60-64,108080
2009-03-31,F,male,65-69,82810
2009-03-31,F,male,65+,246800
2009-03-31,F,male,70-74,61400
2009-03-31,F,male,75-79,47880
2009-03-31,F,male,80-84,33280
2009-03-31,F,male,85-89,15840
2009-03-31,F,male,90+,5630
2009-03-31,F,male,median,35.73
2009-03-31,F,male,total,2100210
2009-06-30,F,male,0-14,462100
2009-06-30,F,male,0-4,157790
2009-06-30,F,male,10-14,154880
2009-06-30,F,male,15-19,160290
2009-06-30,F,male,15-39,716e3
2009-06-30,F,male,20-24,146620
2009-06-30,F,male,25-29,133210
2009-06-30,F,male,30-34,128470
2009-06-30,F,male,35-39,147380
2009-06-30,F,male,40-44,150640
2009-06-30,F,male,40-64,678e3
2009-06-30,F,male,45-49,156820
2009-06-30,F,male,5-9,149410
2009-06-30,F,male,50-54,139360
2009-06-30,F,male,55-59,122030
2009-06-30,F,male,60-64,109120
2009-06-30,F,male,65-69,83710
2009-06-30,F,male,65+,248600
2009-06-30,F,male,70-74,61680
2009-06-30,F,male,75-79,47930
2009-06-30,F,male,80-84,33530
2009-06-30,F,male,85-89,16150
2009-06-30,F,male,90+,5640
2009-06-30,F,male,median,35.78
2009-06-30,F,male,total,2104660
2009-09-30,F,male,0-14,463300
2009-09-30,F,male,0-4,158700
2009-09-30,F,male,10-14,155050
2009-09-30,F,male,15-19,160640
2009-09-30,F,male,15-39,717400
2009-09-30,F,male,20-24,148090
2009-09-30,F,male,25-29,133660
2009-09-30,F,male,30-34,128460
2009-09-30,F,male,35-39,146560
2009-09-30,F,male,40-44,150690
2009-09-30,F,male,40-64,680900
2009-09-30,F,male,45-49,157060
2009-09-30,F,male,5-9,149550
2009-09-30,F,male,50-54,140200
2009-09-30,F,male,55-59,122520
2009-09-30,F,male,60-64,110400
2009-09-30,F,male,65-69,84180
2009-09-30,F,male,65+,250400
2009-09-30,F,male,70-74,62410
2009-09-30,F,male,75-79,48070
2009-09-30,F,male,80-84,33620
2009-09-30,F,male,85-89,16500
2009-09-30,F,male,90+,5560
2009-09-30,F,male,median,35.79
2009-09-30,F,male,total,2111940
2009-12-31,F,male,0-14,464300
2009-12-31,F,male,0-4,159750
2009-12-31,F,male,10-14,155220
2009-12-31,F,male,15-19,160280
2009-12-31,F,male,15-39,718700
2009-12-31,F,male,20-24,149060
2009-12-31,F,male,25-29,134950
2009-12-31,F,male,30-34,128370
2009-12-31,F,male,35-39,146030
2009-12-31,F,male,40-44,150850
2009-12-31,F,male,40-64,684e3
2009-12-31,F,male,45-49,157140
2009-12-31,F,male,5-9,149340
2009-12-31,F,male,50-54,141060
2009-12-31,F,male,55-59,123030
2009-12-31,F,male,60-64,111880
2009-12-31,F,male,65-69,84520
2009-12-31,F,male,65+,252200
2009-12-31,F,male,70-74,63170
2009-12-31,F,male,75-79,48310
2009-12-31,F,male,80-84,33860
2009-12-31,F,male,85-89,16650
2009-12-31,F,male,90+,5700
2009-12-31,F,male,median,35.83
2009-12-31,F,male,total,2119170
2010-03-31,F,male,0-14,465100
2010-03-31,F,male,0-4,160530
2010-03-31,F,male,10-14,155320
2010-03-31,F,male,15-19,161030
2010-03-31,F,male,15-39,720200
2010-03-31,F,male,20-24,150320
2010-03-31,F,male,25-29,135230
2010-03-31,F,male,30-34,128180
2010-03-31,F,male,35-39,145420
2010-03-31,F,male,40-44,150890
2010-03-31,F,male,40-64,686200
2010-03-31,F,male,45-49,156910
2010-03-31,F,male,5-9,149230
2010-03-31,F,male,50-54,141880
2010-03-31,F,male,55-59,123480
2010-03-31,F,male,60-64,112990
2010-03-31,F,male,65-69,85190
2010-03-31,F,male,65+,254300
2010-03-31,F,male,70-74,63770
2010-03-31,F,male,75-79,48390
2010-03-31,F,male,80-84,34110
2010-03-31,F,male,85-89,16900
2010-03-31,F,male,90+,5920
2010-03-31,F,male,median,35.85
2010-03-31,F,male,total,2125710
2010-06-30,F,male,0-14,465700
2010-06-30,F,male,0-4,161370
2010-06-30,F,male,10-14,155590
2010-06-30,F,male,15-19,160860
2010-06-30,F,male,15-39,718200
2010-06-30,F,male,20-24,150440
2010-06-30,F,male,25-29,134490
2010-06-30,F,male,30-34,127860
2010-06-30,F,male,35-39,144520
2010-06-30,F,male,40-44,150360
2010-06-30,F,male,40-64,687300
2010-06-30,F,male,45-49,156600
2010-06-30,F,male,5-9,148790
2010-06-30,F,male,50-54,142810
2010-06-30,F,male,55-59,123940
2010-06-30,F,male,60-64,113630
2010-06-30,F,male,65-69,85880
2010-06-30,F,male,65+,256500
2010-06-30,F,male,70-74,64810
2010-06-30,F,male,75-79,48400
2010-06-30,F,male,80-84,34240
2010-06-30,F,male,85-89,17040
2010-06-30,F,male,90+,6100
2010-06-30,F,male,median,35.91
2010-06-30,F,male,total,2127720
2010-09-30,F,male,0-14,466300
2010-09-30,F,male,0-4,161960
2010-09-30,F,male,10-14,155660
2010-09-30,F,male,15-19,161050
2010-09-30,F,male,15-39,719100
2010-09-30,F,male,20-24,152060
2010-09-30,F,male,25-29,134640
2010-09-30,F,male,30-34,127920
2010-09-30,F,male,35-39,143440
2010-09-30,F,male,40-44,150310
2010-09-30,F,male,40-64,689500
2010-09-30,F,male,45-49,156330
2010-09-30,F,male,5-9,148680
2010-09-30,F,male,50-54,143810
2010-09-30,F,male,55-59,124590
2010-09-30,F,male,60-64,114430
2010-09-30,F,male,65-69,86360
2010-09-30,F,male,65+,258500
2010-09-30,F,male,70-74,65940
2010-09-30,F,male,75-79,48390
2010-09-30,F,male,80-84,34570
2010-09-30,F,male,85-89,17100
2010-09-30,F,male,90+,6180
2010-09-30,F,male,median,35.93
2010-09-30,F,male,total,2133410
2010-12-31,F,male,0-14,466700
2010-12-31,F,male,0-4,162560
2010-12-31,F,male,10-14,155570
2010-12-31,F,male,15-19,160500
2010-12-31,F,male,15-39,719500
2010-12-31,F,male,20-24,153130
2010-12-31,F,male,25-29,135290
2010-12-31,F,male,30-34,128240
2010-12-31,F,male,35-39,142300
2010-12-31,F,male,40-44,150640
2010-12-31,F,male,40-64,692200
2010-12-31,F,male,45-49,155990
2010-12-31,F,male,5-9,148600
2010-12-31,F,male,50-54,144770
2010-12-31,F,male,55-59,125120
2010-12-31,F,male,60-64,115660
2010-12-31,F,male,65-69,86720
2010-12-31,F,male,65+,260800
2010-12-31,F,male,70-74,67070
2010-12-31,F,male,75-79,48380
2010-12-31,F,male,80-84,34870
2010-12-31,F,male,85-89,17420
2010-12-31,F,male,90+,6350
2010-12-31,F,male,median,35.98
2010-12-31,F,male,total,2139160
2011-03-31,F,male,0-14,466800
2011-03-31,F,male,0-4,163050
2011-03-31,F,male,10-14,155400
2011-03-31,F,male,15-19,160710
2011-03-31,F,male,15-39,719500
2011-03-31,F,male,20-24,154410
2011-03-31,F,male,25-29,134910
2011-03-31,F,male,30-34,128470
2011-03-31,F,male,35-39,140980
2011-03-31,F,male,40-44,150700
2011-03-31,F,male,40-64,693900
2011-03-31,F,male,45-49,155630
2011-03-31,F,male,5-9,148380
2011-03-31,F,male,50-54,145220
2011-03-31,F,male,55-59,125870
2011-03-31,F,male,60-64,116530
2011-03-31,F,male,65-69,87350
2011-03-31,F,male,65+,263e3
2011-03-31,F,male,70-74,67880
2011-03-31,F,male,75-79,48500
2011-03-31,F,male,80-84,35140
2011-03-31,F,male,85-89,17660
2011-03-31,F,male,90+,6480
2011-03-31,F,male,median,36.02
2011-03-31,F,male,total,2143270
2011-06-30,F,male,0-14,466700
2011-06-30,F,male,0-4,163020
2011-06-30,F,male,10-14,155210
2011-06-30,F,male,15-19,160330
2011-06-30,F,male,15-39,716700
2011-06-30,F,male,20-24,154490
2011-06-30,F,male,25-29,134090
2011-06-30,F,male,30-34,128120
2011-06-30,F,male,35-39,139650
2011-06-30,F,male,40-44,150700
2011-06-30,F,male,40-64,695e3
2011-06-30,F,male,45-49,154850
2011-06-30,F,male,5-9,148500
2011-06-30,F,male,50-54,145790
2011-06-30,F,male,55-59,126520
2011-06-30,F,male,60-64,117170
2011-06-30,F,male,65-69,88050
2011-06-30,F,male,65+,265100
2011-06-30,F,male,70-74,68790
2011-06-30,F,male,75-79,48530
2011-06-30,F,male,80-84,35350
2011-06-30,F,male,85-89,17850
2011-06-30,F,male,90+,6550
2011-06-30,F,male,median,36.09
2011-06-30,F,male,total,2143550
2011-09-30,F,male,0-14,466800
2011-09-30,F,male,0-4,163170
2011-09-30,F,male,10-14,154830
2011-09-30,F,male,15-19,160500
2011-09-30,F,male,15-39,716600
2011-09-30,F,male,20-24,155590
2011-09-30,F,male,25-29,134120
2011-09-30,F,male,30-34,128080
2011-09-30,F,male,35-39,138350
2011-09-30,F,male,40-44,150900
2011-09-30,F,male,40-64,696300
2011-09-30,F,male,45-49,154120
2011-09-30,F,male,5-9,148750
2011-09-30,F,male,50-54,146500
2011-09-30,F,male,55-59,127380
2011-09-30,F,male,60-64,117390
2011-09-30,F,male,65-69,89250
2011-09-30,F,male,65+,267700
2011-09-30,F,male,70-74,69630
2011-09-30,F,male,75-79,48720
2011-09-30,F,male,80-84,35550
2011-09-30,F,male,85-89,17910
2011-09-30,F,male,90+,6640
2011-09-30,F,male,median,36.11
2011-09-30,F,male,total,2147390
2011-12-31,F,male,0-14,466500
2011-12-31,F,male,0-4,163040
2011-12-31,F,male,10-14,154450
2011-12-31,F,male,15-19,159920
2011-12-31,F,male,15-39,716200
2011-12-31,F,male,20-24,156120
2011-12-31,F,male,25-29,134730
2011-12-31,F,male,30-34,128070
2011-12-31,F,male,35-39,137390
2011-12-31,F,male,40-44,150830
2011-12-31,F,male,40-64,697400
2011-12-31,F,male,45-49,153860
2011-12-31,F,male,5-9,148970
2011-12-31,F,male,50-54,146990
2011-12-31,F,male,55-59,128280
2011-12-31,F,male,60-64,117400
2011-12-31,F,male,65-69,90830
2011-12-31,F,male,65+,271100
2011-12-31,F,male,70-74,70700
2011-12-31,F,male,75-79,48960
2011-12-31,F,male,80-84,35670
2011-12-31,F,male,85-89,18160
2011-12-31,F,male,90+,6760
2011-12-31,F,male,median,36.17
2011-12-31,F,male,total,2151140
2012-03-31,F,male,0-14,466800
2012-03-31,F,male,0-4,162710
2012-03-31,F,male,10-14,154300
2012-03-31,F,male,15-19,159700
2012-03-31,F,male,15-39,715600
2012-03-31,F,male,20-24,157020
2012-03-31,F,male,25-29,134690
2012-03-31,F,male,30-34,128120
2012-03-31,F,male,35-39,136060
2012-03-31,F,male,40-44,151050
2012-03-31,F,male,40-64,697900
2012-03-31,F,male,45-49,152890
2012-03-31,F,male,5-9,149800
2012-03-31,F,male,50-54,147960
2012-03-31,F,male,55-59,128780
2012-03-31,F,male,60-64,117270
2012-03-31,F,male,65-69,92190
2012-03-31,F,male,65+,274300
2012-03-31,F,male,70-74,71700
2012-03-31,F,male,75-79,49160
2012-03-31,F,male,80-84,35820
2012-03-31,F,male,85-89,18480
2012-03-31,F,male,90+,6950
2012-03-31,F,male,median,36.2
2012-03-31,F,male,total,2154650
2012-06-30,F,male,0-14,466500
2012-06-30,F,male,0-4,162090
2012-06-30,F,male,10-14,153890
2012-06-30,F,male,15-19,159840
2012-06-30,F,male,15-39,713200
2012-06-30,F,male,20-24,156360
2012-06-30,F,male,25-29,133950
2012-06-30,F,male,30-34,128030
2012-06-30,F,male,35-39,134990
2012-06-30,F,male,40-44,150950
2012-06-30,F,male,40-64,698400
2012-06-30,F,male,45-49,151930
2012-06-30,F,male,5-9,150520
2012-06-30,F,male,50-54,148750
2012-06-30,F,male,55-59,129380
2012-06-30,F,male,60-64,117370
2012-06-30,F,male,65-69,93450
2012-06-30,F,male,65+,276900
2012-06-30,F,male,70-74,72480
2012-06-30,F,male,75-79,49340
2012-06-30,F,male,80-84,35970
2012-06-30,F,male,85-89,18680
2012-06-30,F,male,90+,7010
2012-06-30,F,male,median,36.28
2012-06-30,F,male,total,2154990
2012-09-30,F,male,0-14,466400
2012-09-30,F,male,0-4,161600
2012-09-30,F,male,10-14,153390
2012-09-30,F,male,15-19,159960
2012-09-30,F,male,15-39,713200
2012-09-30,F,male,20-24,157160
2012-09-30,F,male,25-29,134020
2012-09-30,F,male,30-34,128430
2012-09-30,F,male,35-39,133630
2012-09-30,F,male,40-44,150880
2012-09-30,F,male,40-64,699300
2012-09-30,F,male,45-49,151410
2012-09-30,F,male,5-9,151380
2012-09-30,F,male,50-54,149370
2012-09-30,F,male,55-59,130100
2012-09-30,F,male,60-64,117580
2012-09-30,F,male,65-69,94990
2012-09-30,F,male,65+,279600
2012-09-30,F,male,70-74,73160
2012-09-30,F,male,75-79,49630
2012-09-30,F,male,80-84,36010
2012-09-30,F,male,85-89,18740
2012-09-30,F,male,90+,7070
2012-09-30,F,male,median,36.31
2012-09-30,F,male,total,2158510
2012-12-31,F,male,0-14,466300
2012-12-31,F,male,0-4,161520
2012-12-31,F,male,10-14,152710
2012-12-31,F,male,15-19,159810
2012-12-31,F,male,15-39,714200
2012-12-31,F,male,20-24,157650
2012-12-31,F,male,25-29,134850
2012-12-31,F,male,30-34,129070
2012-12-31,F,male,35-39,132830
2012-12-31,F,male,40-44,150780
2012-12-31,F,male,40-64,700500
2012-12-31,F,male,45-49,151080
2012-12-31,F,male,5-9,152070
2012-12-31,F,male,50-54,150070
2012-12-31,F,male,55-59,130720
2012-12-31,F,male,60-64,117850
2012-12-31,F,male,65-69,96950
2012-12-31,F,male,65+,282800
2012-12-31,F,male,70-74,73520
2012-12-31,F,male,75-79,50140
2012-12-31,F,male,80-84,36060
2012-12-31,F,male,85-89,19030
2012-12-31,F,male,90+,7130
2012-12-31,F,male,median,36.36
2012-12-31,F,male,total,2163820
2013-03-31,F,male,0-14,466300
2013-03-31,F,male,0-4,160980
2013-03-31,F,male,10-14,152560
2013-03-31,F,male,15-19,160100
2013-03-31,F,male,15-39,715600
2013-03-31,F,male,20-24,158640
2013-03-31,F,male,25-29,135210
2013-03-31,F,male,30-34,129530
2013-03-31,F,male,35-39,132150
2013-03-31,F,male,40-44,150610
2013-03-31,F,male,40-64,701200
2013-03-31,F,male,45-49,150470
2013-03-31,F,male,5-9,152740
2013-03-31,F,male,50-54,150790
2013-03-31,F,male,55-59,131530
2013-03-31,F,male,60-64,117810
2013-03-31,F,male,65-69,98970
2013-03-31,F,male,65+,285900
2013-03-31,F,male,70-74,73680
2013-03-31,F,male,75-79,50600
2013-03-31,F,male,80-84,36070
2013-03-31,F,male,85-89,19290
2013-03-31,F,male,90+,7300
2013-03-31,F,male,median,36.38
2013-03-31,F,male,total,2169e3
2013-06-30,F,male,0-14,465900
2013-06-30,F,male,0-4,160150
2013-06-30,F,male,10-14,152180
2013-06-30,F,male,15-19,160150
2013-06-30,F,male,15-39,715700
2013-06-30,F,male,20-24,159180
2013-06-30,F,male,25-29,135330
2013-06-30,F,male,30-34,129510
2013-06-30,F,male,35-39,131500
2013-06-30,F,male,40-44,150170
2013-06-30,F,male,40-64,702e3
2013-06-30,F,male,45-49,150100
2013-06-30,F,male,5-9,153570
2013-06-30,F,male,50-54,151680
2013-06-30,F,male,55-59,132170
2013-06-30,F,male,60-64,117900
2013-06-30,F,male,65-69,100570
2013-06-30,F,male,65+,288600
2013-06-30,F,male,70-74,74040
2013-06-30,F,male,75-79,51010
2013-06-30,F,male,80-84,36100
2013-06-30,F,male,85-89,19340
2013-06-30,F,male,90+,7500
2013-06-30,F,male,median,36.43
2013-06-30,F,male,total,2172160
2013-09-30,F,male,0-14,466e3
2013-09-30,F,male,0-4,159600
2013-09-30,F,male,10-14,151790
2013-09-30,F,male,15-19,160610
2013-09-30,F,male,15-39,72e4
2013-09-30,F,male,20-24,160780
2013-09-30,F,male,25-29,137180
2013-09-30,F,male,30-34,130530
2013-09-30,F,male,35-39,130940
2013-09-30,F,male,40-44,149620
2013-09-30,F,male,40-64,703100
2013-09-30,F,male,45-49,149840
2013-09-30,F,male,5-9,154570
2013-09-30,F,male,50-54,152110
2013-09-30,F,male,55-59,133250
2013-09-30,F,male,60-64,118300
2013-09-30,F,male,65-69,101730
2013-09-30,F,male,65+,291400
2013-09-30,F,male,70-74,74900
2013-09-30,F,male,75-79,51510
2013-09-30,F,male,80-84,36110
2013-09-30,F,male,85-89,19550
2013-09-30,F,male,90+,7600
2013-09-30,F,male,median,36.4
2013-09-30,F,male,total,2180520
2013-12-31,F,male,0-14,466200
2013-12-31,F,male,0-4,159130
2013-12-31,F,male,10-14,151610
2013-12-31,F,male,15-19,160360
2013-12-31,F,male,15-39,724600
2013-12-31,F,male,20-24,162550
2013-12-31,F,male,25-29,139580
2013-12-31,F,male,30-34,131670
2013-12-31,F,male,35-39,130420
2013-12-31,F,male,40-44,149350
2013-12-31,F,male,40-64,704500
2013-12-31,F,male,45-49,149710
2013-12-31,F,male,5-9,155440
2013-12-31,F,male,50-54,152480
2013-12-31,F,male,55-59,134300
2013-12-31,F,male,60-64,118630
2013-12-31,F,male,65-69,103420
2013-12-31,F,male,65+,295e3
2013-12-31,F,male,70-74,75560
2013-12-31,F,male,75-79,52140
2013-12-31,F,male,80-84,36250
2013-12-31,F,male,85-89,19880
2013-12-31,F,male,90+,7760
2013-12-31,F,male,median,36.38
2013-12-31,F,male,total,2190210
2014-03-31,F,male,0-14,466700
2014-03-31,F,male,0-4,158510
2014-03-31,F,male,10-14,151670
2014-03-31,F,male,15-19,161070
2014-03-31,F,male,15-39,730700
2014-03-31,F,male,20-24,164850
2014-03-31,F,male,25-29,141800
2014-03-31,F,male,30-34,132920
2014-03-31,F,male,35-39,130010
2014-03-31,F,male,40-44,149210
2014-03-31,F,male,40-64,706e3
2014-03-31,F,male,45-49,149660
2014-03-31,F,male,5-9,156530
2014-03-31,F,male,50-54,153060
2014-03-31,F,male,55-59,134950
2014-03-31,F,male,60-64,119130
2014-03-31,F,male,65-69,104600
2014-03-31,F,male,65+,298200
2014-03-31,F,male,70-74,76360
2014-03-31,F,male,75-79,52600
2014-03-31,F,male,80-84,36430
2014-03-31,F,male,85-89,20190
2014-03-31,F,male,90+,7990
2014-03-31,F,male,median,36.32
2014-03-31,F,male,total,2201540
2014-06-30,F,male,0-14,467100
2014-06-30,F,male,0-4,158360
2014-06-30,F,male,10-14,151460
2014-06-30,F,male,15-19,161440
2014-06-30,F,male,15-39,734600
2014-06-30,F,male,20-24,166320
2014-06-30,F,male,25-29,143380
2014-06-30,F,male,30-34,133470
2014-06-30,F,male,35-39,129980
2014-06-30,F,male,40-44,148830
2014-06-30,F,male,40-64,707100
2014-06-30,F,male,45-49,149510
2014-06-30,F,male,5-9,157230
2014-06-30,F,male,50-54,153370
2014-06-30,F,male,55-59,135850
2014-06-30,F,male,60-64,119500
2014-06-30,F,male,65-69,105690
2014-06-30,F,male,65+,300900
2014-06-30,F,male,70-74,77250
2014-06-30,F,male,75-79,52980
2014-06-30,F,male,80-84,36510
2014-06-30,F,male,85-89,20400
2014-06-30,F,male,90+,8070
2014-06-30,F,male,median,36.3
2014-06-30,F,male,total,2209580
2014-09-30,F,male,0-14,467300
2014-09-30,F,male,0-4,157860
2014-09-30,F,male,10-14,151220
2014-09-30,F,male,15-19,162460
2014-09-30,F,male,15-39,742700
2014-09-30,F,male,20-24,168900
2014-09-30,F,male,25-29,146590
2014-09-30,F,male,30-34,134580
2014-09-30,F,male,35-39,130170
2014-09-30,F,male,40-44,148170
2014-09-30,F,male,40-64,708200
2014-09-30,F,male,45-49,149650
2014-09-30,F,male,5-9,158220
2014-09-30,F,male,50-54,153650
2014-09-30,F,male,55-59,136670
2014-09-30,F,male,60-64,120060
2014-09-30,F,male,65-69,107e3
2014-09-30,F,male,65+,303700
2014-09-30,F,male,70-74,77800
2014-09-30,F,male,75-79,53630
2014-09-30,F,male,80-84,36660
2014-09-30,F,male,85-89,20490
2014-09-30,F,male,90+,8120
2014-09-30,F,male,median,36.2
2014-09-30,F,male,total,2221900
2014-12-31,F,male,0-14,467700
2014-12-31,F,male,0-4,157650
2014-12-31,F,male,10-14,150720
2014-12-31,F,male,15-19,162610
2014-12-31,F,male,15-39,75e4
2014-12-31,F,male,20-24,171190
2014-12-31,F,male,25-29,149920
2014-12-31,F,male,30-34,136080
2014-12-31,F,male,35-39,130190
2014-12-31,F,male,40-44,147720
2014-12-31,F,male,40-64,709700
2014-12-31,F,male,45-49,149910
2014-12-31,F,male,5-9,159330
2014-12-31,F,male,50-54,153980
2014-12-31,F,male,55-59,137500
2014-12-31,F,male,60-64,120590
2014-12-31,F,male,65-69,108430
2014-12-31,F,male,65+,306900
2014-12-31,F,male,70-74,78140
2014-12-31,F,male,75-79,54500
2014-12-31,F,male,80-84,36920
2014-12-31,F,male,85-89,20650
2014-12-31,F,male,90+,8220
2014-12-31,F,male,median,36.14
2014-12-31,F,male,total,2234250
2015-03-31,F,male,0-14,468400
2015-03-31,F,male,0-4,157370
2015-03-31,F,male,10-14,150590
2015-03-31,F,male,15-19,163490
2015-03-31,F,male,15-39,759300
2015-03-31,F,male,20-24,174550
2015-03-31,F,male,25-29,153290
2015-03-31,F,male,30-34,137470
2015-03-31,F,male,35-39,130470
2015-03-31,F,male,40-44,147340
2015-03-31,F,male,40-64,711e3
2015-03-31,F,male,45-49,150200
2015-03-31,F,male,5-9,160390
2015-03-31,F,male,50-54,153900
2015-03-31,F,male,55-59,138430
2015-03-31,F,male,60-64,121100
2015-03-31,F,male,65-69,109560
2015-03-31,F,male,65+,309900
2015-03-31,F,male,70-74,78840
2015-03-31,F,male,75-79,55110
2015-03-31,F,male,80-84,37120
2015-03-31,F,male,85-89,20860
2015-03-31,F,male,90+,8440
2015-03-31,F,male,median,36.03
2015-03-31,F,male,total,2248530
2015-06-30,F,male,0-14,468700
2015-06-30,F,male,0-4,156870
2015-06-30,F,male,10-14,150090
2015-06-30,F,male,15-19,163470
2015-06-30,F,male,15-39,763800
2015-06-30,F,male,20-24,175450
2015-06-30,F,male,25-29,155560
2015-06-30,F,male,30-34,138500
2015-06-30,F,male,35-39,130850
2015-06-30,F,male,40-44,146870
2015-06-30,F,male,40-64,711900
2015-06-30,F,male,45-49,150060
2015-06-30,F,male,5-9,161780
2015-06-30,F,male,50-54,153890
2015-06-30,F,male,55-59,139450
2015-06-30,F,male,60-64,121650
2015-06-30,F,male,65-69,110220
2015-06-30,F,male,65+,312700
2015-06-30,F,male,70-74,79580
2015-06-30,F,male,75-79,56080
2015-06-30,F,male,80-84,37210
2015-06-30,F,male,85-89,20990
2015-06-30,F,male,90+,8610
2015-06-30,F,male,median,36.02
2015-06-30,F,male,total,2257190
2015-09-30,F,male,0-14,469200
2015-09-30,F,male,0-4,156530
2015-09-30,F,male,10-14,149850
2015-09-30,F,male,15-19,164020
2015-09-30,F,male,15-39,772800
2015-09-30,F,male,20-24,177680
2015-09-30,F,male,25-29,159320
2015-09-30,F,male,30-34,140120
2015-09-30,F,male,35-39,131610
2015-09-30,F,male,40-44,146120
2015-09-30,F,male,40-64,713200
2015-09-30,F,male,45-49,150390
2015-09-30,F,male,5-9,162860
2015-09-30,F,male,50-54,153800
2015-09-30,F,male,55-59,140560
2015-09-30,F,male,60-64,122350
2015-09-30,F,male,65-69,111110
2015-09-30,F,male,65+,315200
2015-09-30,F,male,70-74,80060
2015-09-30,F,male,75-79,57060
2015-09-30,F,male,80-84,37200
2015-09-30,F,male,85-89,21190
2015-09-30,F,male,90+,8620
2015-09-30,F,male,median,35.93
2015-09-30,F,male,total,2270460
2015-12-31,F,male,0-14,470100
2015-12-31,F,male,0-4,156410
2015-12-31,F,male,10-14,149800
2015-12-31,F,male,15-19,163790
2015-12-31,F,male,15-39,781200
2015-12-31,F,male,20-24,179600
2015-12-31,F,male,25-29,163590
2015-12-31,F,male,30-34,141940
2015-12-31,F,male,35-39,132270
2015-12-31,F,male,40-44,145290
2015-12-31,F,male,40-64,714600
2015-12-31,F,male,45-49,150990
2015-12-31,F,male,5-9,163890
2015-12-31,F,male,50-54,153720
2015-12-31,F,male,55-59,141660
2015-12-31,F,male,60-64,122960
2015-12-31,F,male,65-69,112390
2015-12-31,F,male,65+,318700
2015-12-31,F,male,70-74,80440
2015-12-31,F,male,75-79,58160
2015-12-31,F,male,80-84,37290
2015-12-31,F,male,85-89,21570
2015-12-31,F,male,90+,8830
2015-12-31,F,male,median,35.86
2015-12-31,F,male,total,2284600
2016-03-31,F,male,0-14,471500
2016-03-31,F,male,0-4,156410
2016-03-31,F,male,10-14,150030
2016-03-31,F,male,15-19,164300
2016-03-31,F,male,15-39,790400
2016-03-31,F,male,20-24,181880
2016-03-31,F,male,25-29,167450
2016-03-31,F,male,30-34,143590
2016-03-31,F,male,35-39,133190
2016-03-31,F,male,40-44,144590
2016-03-31,F,male,40-64,716e3
2016-03-31,F,male,45-49,151530
2016-03-31,F,male,5-9,165010
2016-03-31,F,male,50-54,153650
2016-03-31,F,male,55-59,142300
2016-03-31,F,male,60-64,123910
2016-03-31,F,male,65-69,113320
2016-03-31,F,male,65+,322e3
2016-03-31,F,male,70-74,81150
2016-03-31,F,male,75-79,58990
2016-03-31,F,male,80-84,37550
2016-03-31,F,male,85-89,21900
2016-03-31,F,male,90+,9050
2016-03-31,F,male,median,35.78
2016-03-31,F,male,total,2299810
2016-06-30,F,male,0-14,472800
2016-06-30,F,male,0-4,156690
2016-06-30,F,male,10-14,150480
2016-06-30,F,male,15-19,163850
2016-06-30,F,male,15-39,794500
2016-06-30,F,male,20-24,182170
2016-06-30,F,male,25-29,169830
2016-06-30,F,male,30-34,144780
2016-06-30,F,male,35-39,133860
2016-06-30,F,male,40-44,143920
2016-06-30,F,male,40-64,717e3
2016-06-30,F,male,45-49,151990
2016-06-30,F,male,5-9,165580
2016-06-30,F,male,50-54,153200
2016-06-30,F,male,55-59,143250
2016-06-30,F,male,60-64,124650
2016-06-30,F,male,65-69,114020
2016-06-30,F,male,65+,324800
2016-06-30,F,male,70-74,81910
2016-06-30,F,male,75-79,59890
2016-06-30,F,male,80-84,37680
2016-06-30,F,male,85-89,22140
2016-06-30,F,male,90+,9190
2016-06-30,F,male,median,35.77
2016-06-30,F,male,total,2309070
2016-09-30,F,male,0-14,474200
2016-09-30,F,male,0-4,156640
2016-09-30,F,male,10-14,151100
2016-09-30,F,male,15-19,163790
2016-09-30,F,male,15-39,802100
2016-09-30,F,male,20-24,183550
2016-09-30,F,male,25-29,173300
2016-09-30,F,male,30-34,146680
2016-09-30,F,male,35-39,134760
2016-09-30,F,male,40-44,143270
2016-09-30,F,male,40-64,718600
2016-09-30,F,male,45-49,152550
2016-09-30,F,male,5-9,166460
2016-09-30,F,male,50-54,152910
2016-09-30,F,male,55-59,144190
2016-09-30,F,male,60-64,125660
2016-09-30,F,male,65-69,114330
2016-09-30,F,male,65+,327700
2016-09-30,F,male,70-74,83120
2016-09-30,F,male,75-79,60760
2016-09-30,F,male,80-84,37870
2016-09-30,F,male,85-89,22300
2016-09-30,F,male,90+,9280
2016-09-30,F,male,median,35.71
2016-09-30,F,male,total,2322510
2016-12-31,F,male,0-14,475700
2016-12-31,F,male,0-4,157020
2016-12-31,F,male,10-14,151740
2016-12-31,F,male,15-19,162900
2016-12-31,F,male,15-39,809400
2016-12-31,F,male,20-24,184590
2016-12-31,F,male,25-29,177340
2016-12-31,F,male,30-34,149210
2016-12-31,F,male,35-39,135390
2016-12-31,F,male,40-44,142710
2016-12-31,F,male,40-64,720300
2016-12-31,F,male,45-49,153020
2016-12-31,F,male,5-9,166970
2016-12-31,F,male,50-54,152900
2016-12-31,F,male,55-59,144880
2016-12-31,F,male,60-64,126740
2016-12-31,F,male,65-69,114420
2016-12-31,F,male,65+,331100
2016-12-31,F,male,70-74,84800
2016-12-31,F,male,75-79,61790
2016-12-31,F,male,80-84,38180
2016-12-31,F,male,85-89,22430
2016-12-31,F,male,90+,9500
2016-12-31,F,male,median,35.66
2016-12-31,F,male,total,2336520
2017-03-31,F,male,0-14,477700
2017-03-31,F,male,0-4,157030
2017-03-31,F,male,10-14,153160
2017-03-31,F,male,15-19,163180
2017-03-31,F,male,15-39,818200
2017-03-31,F,male,20-24,185470
2017-03-31,F,male,25-29,181320
2017-03-31,F,male,30-34,151540
2017-03-31,F,male,35-39,136720
2017-03-31,F,male,40-44,142100
2017-03-31,F,male,40-64,721900
2017-03-31,F,male,45-49,153800
2017-03-31,F,male,5-9,167500
2017-03-31,F,male,50-54,152360
2017-03-31,F,male,55-59,146150
2017-03-31,F,male,60-64,127490
2017-03-31,F,male,65-69,114370
2017-03-31,F,male,65+,334200
2017-03-31,F,male,70-74,86290
2017-03-31,F,male,75-79,62700
2017-03-31,F,male,80-84,38410
2017-03-31,F,male,85-89,22640
2017-03-31,F,male,90+,9740
2017-03-31,F,male,median,35.6
2017-03-31,F,male,total,2351960
2017-06-30,F,male,0-14,479e3
2017-06-30,F,male,0-4,157080
2017-06-30,F,male,10-14,154320
2017-06-30,F,male,15-19,162480
2017-06-30,F,male,15-39,822300
2017-06-30,F,male,20-24,185620
2017-06-30,F,male,25-29,183060
2017-06-30,F,male,30-34,153310
2017-06-30,F,male,35-39,137820
2017-06-30,F,male,40-44,141580
2017-06-30,F,male,40-64,722900
2017-06-30,F,male,45-49,154250
2017-06-30,F,male,5-9,167580
2017-06-30,F,male,50-54,151690
2017-06-30,F,male,55-59,147130
2017-06-30,F,male,60-64,128250
2017-06-30,F,male,65-69,114570
2017-06-30,F,male,65+,336900
2017-06-30,F,male,70-74,87580
2017-06-30,F,male,75-79,63460
2017-06-30,F,male,80-84,38650
2017-06-30,F,male,85-89,22770
2017-06-30,F,male,90+,9910
2017-06-30,F,male,median,35.6
2017-06-30,F,male,total,2361100
2017-09-30,F,male,0-14,480600
2017-09-30,F,male,0-4,157100
2017-09-30,F,male,10-14,155670
2017-09-30,F,male,15-19,162350
2017-09-30,F,male,15-39,829200
2017-09-30,F,male,20-24,185840
2017-09-30,F,male,25-29,186100
2017-09-30,F,male,30-34,155290
2017-09-30,F,male,35-39,139660
2017-09-30,F,male,40-44,140780
2017-09-30,F,male,40-64,724100
2017-09-30,F,male,45-49,154680
2017-09-30,F,male,5-9,167830
2017-09-30,F,male,50-54,151560
2017-09-30,F,male,55-59,147940
2017-09-30,F,male,60-64,129090
2017-09-30,F,male,65-69,114820
2017-09-30,F,male,65+,339500
2017-09-30,F,male,70-74,89060
2017-09-30,F,male,75-79,64120
2017-09-30,F,male,80-84,38880
2017-09-30,F,male,85-89,22740
2017-09-30,F,male,90+,9930
2017-09-30,F,male,median,35.57
2017-09-30,F,male,total,2373440
2017-12-31,F,male,0-14,482100
2017-12-31,F,male,0-4,157030
2017-12-31,F,male,10-14,156770
2017-12-31,F,male,15-19,161420
2017-12-31,F,male,15-39,836400
2017-12-31,F,male,20-24,186480
2017-12-31,F,male,25-29,189590
2017-12-31,F,male,30-34,157620
2017-12-31,F,male,35-39,141300
2017-12-31,F,male,40-44,140330
2017-12-31,F,male,40-64,725700
2017-12-31,F,male,45-49,155060
2017-12-31,F,male,5-9,168300
2017-12-31,F,male,50-54,151430
2017-12-31,F,male,55-59,148990
2017-12-31,F,male,60-64,129850
2017-12-31,F,male,65-69,115190
2017-12-31,F,male,65+,343e3
2017-12-31,F,male,70-74,90930
2017-12-31,F,male,75-79,64460
2017-12-31,F,male,80-84,39400
2017-12-31,F,male,85-89,22820
2017-12-31,F,male,90+,10160
2017-12-31,F,male,median,35.55
2017-12-31,F,male,total,2387130
2018-03-31,F,male,0-14,483700
2018-03-31,F,male,0-4,157250
2018-03-31,F,male,10-14,158080
2018-03-31,F,male,15-19,161710
2018-03-31,F,male,15-39,844400
2018-03-31,F,male,20-24,187220
2018-03-31,F,male,25-29,192600
2018-03-31,F,male,30-34,159840
2018-03-31,F,male,35-39,143010
2018-03-31,F,male,40-44,140260
2018-03-31,F,male,40-64,727400
2018-03-31,F,male,45-49,155340
2018-03-31,F,male,5-9,168370
2018-03-31,F,male,50-54,151190
2018-03-31,F,male,55-59,149900
2018-03-31,F,male,60-64,130740
2018-03-31,F,male,65-69,115200
2018-03-31,F,male,65+,346e3
2018-03-31,F,male,70-74,92880
2018-03-31,F,male,75-79,64680
2018-03-31,F,male,80-84,39920
2018-03-31,F,male,85-89,22910
2018-03-31,F,male,90+,10420
2018-03-31,F,male,median,35.52
2018-03-31,F,male,total,2401500
2018-06-30,P,male,0-14,484500
2018-06-30,P,male,0-4,157370
2018-06-30,P,male,10-14,159200
2018-06-30,P,male,15-19,161060
2018-06-30,P,male,15-39,847400
2018-06-30,P,male,20-24,186440
2018-06-30,P,male,25-29,193850
2018-06-30,P,male,30-34,161920
2018-06-30,P,male,35-39,144100
2018-06-30,P,male,40-44,140060
2018-06-30,P,male,40-64,728500
2018-06-30,P,male,45-49,155190
2018-06-30,P,male,5-9,167910
2018-06-30,P,male,50-54,150970
2018-06-30,P,male,55-59,150880
2018-06-30,P,male,60-64,131400
2018-06-30,P,male,65-69,115320
2018-06-30,P,male,65+,348500
2018-06-30,P,male,70-74,94430
2018-06-30,P,male,75-79,65040
2018-06-30,P,male,80-84,40270
2018-06-30,P,male,85-89,22960
2018-06-30,P,male,90+,10480
2018-06-30,P,male,median,35.55
2018-06-30,P,male,total,2408860
2008-06-30,F,total,0-14,895500
2008-06-30,F,total,0-4,301030
2008-06-30,F,total,10-14,303540
2008-06-30,F,total,15-19,317030
2008-06-30,F,total,15-39,1460400
2008-06-30,F,total,20-24,288740
2008-06-30,F,total,25-29,268570
2008-06-30,F,total,30-34,271900
2008-06-30,F,total,35-39,314180
2008-06-30,F,total,40-44,315080
2008-06-30,F,total,40-64,1368800
2008-06-30,F,total,45-49,320360
2008-06-30,F,total,5-9,290950
2008-06-30,F,total,50-54,276920
2008-06-30,F,total,55-59,244530
2008-06-30,F,total,60-64,211880
2008-06-30,F,total,65-69,165600
2008-06-30,F,total,65+,535e3
2008-06-30,F,total,70-74,125210
2008-06-30,F,total,75-79,103940
2008-06-30,F,total,80-84,77110
2008-06-30,F,total,85-89,43020
2008-06-30,F,total,90+,20170
2008-06-30,F,total,median,36.44
2008-06-30,F,total,total,4259760
2008-09-30,F,total,0-14,896600
2008-09-30,F,total,0-4,302840
2008-09-30,F,total,10-14,302860
2008-09-30,F,total,15-19,317750
2008-09-30,F,total,15-39,1460800
2008-09-30,F,total,20-24,289640
2008-09-30,F,total,25-29,269310
2008-09-30,F,total,30-34,270720
2008-09-30,F,total,35-39,313410
2008-09-30,F,total,40-44,314320
2008-09-30,F,total,40-64,1374400
2008-09-30,F,total,45-49,321570
2008-09-30,F,total,5-9,290870
2008-09-30,F,total,50-54,279040
2008-09-30,F,total,55-59,245290
2008-09-30,F,total,60-64,214180
2008-09-30,F,total,65-69,167050
2008-09-30,F,total,65+,537800
2008-09-30,F,total,70-74,126210
2008-09-30,F,total,75-79,103790
2008-09-30,F,total,80-84,77370
2008-09-30,F,total,85-89,43240
2008-09-30,F,total,90+,20100
2008-09-30,F,total,median,36.5
2008-09-30,F,total,total,4269550
2008-12-31,F,total,0-14,897400
2008-12-31,F,total,0-4,304350
2008-12-31,F,total,10-14,301690
2008-12-31,F,total,15-19,316880
2008-12-31,F,total,15-39,1460700
2008-12-31,F,total,20-24,290040
2008-12-31,F,total,25-29,271210
2008-12-31,F,total,30-34,270120
2008-12-31,F,total,35-39,312450
2008-12-31,F,total,40-44,314230
2008-12-31,F,total,40-64,1380800
2008-12-31,F,total,45-49,322120
2008-12-31,F,total,5-9,291370
2008-12-31,F,total,50-54,281050
2008-12-31,F,total,55-59,246070
2008-12-31,F,total,60-64,217350
2008-12-31,F,total,65-69,168310
2008-12-31,F,total,65+,541300
2008-12-31,F,total,70-74,127540
2008-12-31,F,total,75-79,103670
2008-12-31,F,total,80-84,77730
2008-12-31,F,total,85-89,43820
2008-12-31,F,total,90+,20270
2008-12-31,F,total,median,36.57
2008-12-31,F,total,total,4280280
2009-03-31,F,total,0-14,899300
2009-03-31,F,total,0-4,305890
2009-03-31,F,total,10-14,301420
2009-03-31,F,total,15-19,317300
2009-03-31,F,total,15-39,1462600
2009-03-31,F,total,20-24,291830
2009-03-31,F,total,25-29,272370
2009-03-31,F,total,30-34,269570
2009-03-31,F,total,35-39,311530
2009-03-31,F,total,40-44,313930
2009-03-31,F,total,40-64,1386500
2009-03-31,F,total,45-49,323090
2009-03-31,F,total,5-9,292020
2009-03-31,F,total,50-54,282590
2009-03-31,F,total,55-59,247160
2009-03-31,F,total,60-64,219750
2009-03-31,F,total,65-69,169620
2009-03-31,F,total,65+,545100
2009-03-31,F,total,70-74,128510
2009-03-31,F,total,75-79,103770
2009-03-31,F,total,80-84,78120
2009-03-31,F,total,85-89,44570
2009-03-31,F,total,90+,20470
2009-03-31,F,total,median,36.61
2009-03-31,F,total,total,4293500
2009-06-30,F,total,0-14,901100
2009-06-30,F,total,0-4,307200
2009-06-30,F,total,10-14,301870
2009-06-30,F,total,15-19,317020
2009-06-30,F,total,15-39,1461e3
2009-06-30,F,total,20-24,292350
2009-06-30,F,total,25-29,272210
2009-06-30,F,total,30-34,268920
2009-06-30,F,total,35-39,310490
2009-06-30,F,total,40-44,313730
2009-06-30,F,total,40-64,1392100
2009-06-30,F,total,45-49,323660
2009-06-30,F,total,5-9,292080
2009-06-30,F,total,50-54,284600
2009-06-30,F,total,55-59,248310
2009-06-30,F,total,60-64,221830
2009-06-30,F,total,65-69,171320
2009-06-30,F,total,65+,548300
2009-06-30,F,total,70-74,129120
2009-06-30,F,total,75-79,103850
2009-06-30,F,total,80-84,78420
2009-06-30,F,total,85-89,45140
2009-06-30,F,total,90+,20490
2009-06-30,F,total,median,36.68
2009-06-30,F,total,total,4302590
2009-09-30,F,total,0-14,903200
2009-09-30,F,total,0-4,309130
2009-09-30,F,total,10-14,302080
2009-09-30,F,total,15-19,317750
2009-09-30,F,total,15-39,1463900
2009-09-30,F,total,20-24,294880
2009-09-30,F,total,25-29,273420
2009-09-30,F,total,30-34,268780
2009-09-30,F,total,35-39,309030
2009-09-30,F,total,40-44,314040
2009-09-30,F,total,40-64,1398800
2009-09-30,F,total,45-49,324280
2009-09-30,F,total,5-9,291960
2009-09-30,F,total,50-54,286570
2009-09-30,F,total,55-59,249390
2009-09-30,F,total,60-64,224490
2009-09-30,F,total,65-69,172210
2009-09-30,F,total,65+,551500
2009-09-30,F,total,70-74,130600
2009-09-30,F,total,75-79,104010
2009-09-30,F,total,80-84,78470
2009-09-30,F,total,85-89,45850
2009-09-30,F,total,90+,20360
2009-09-30,F,total,median,36.71
2009-09-30,F,total,total,4317300
2009-12-31,F,total,0-14,905e3
2009-12-31,F,total,0-4,311270
2009-12-31,F,total,10-14,302240
2009-12-31,F,total,15-19,316900
2009-12-31,F,total,15-39,1466400
2009-12-31,F,total,20-24,296990
2009-12-31,F,total,25-29,275830
2009-12-31,F,total,30-34,268660
2009-12-31,F,total,35-39,308e3
2009-12-31,F,total,40-44,314250
2009-12-31,F,total,40-64,1405600
2009-12-31,F,total,45-49,324940
2009-12-31,F,total,5-9,291530
2009-12-31,F,total,50-54,288350
2009-12-31,F,total,55-59,250670
2009-12-31,F,total,60-64,227380
2009-12-31,F,total,65-69,173040
2009-12-31,F,total,65+,555100
2009-12-31,F,total,70-74,132300
2009-12-31,F,total,75-79,104170
2009-12-31,F,total,80-84,78860
2009-12-31,F,total,85-89,46050
2009-12-31,F,total,90+,20710
2009-12-31,F,total,median,36.76
2009-12-31,F,total,total,4332130
2010-03-31,F,total,0-14,906900
2010-03-31,F,total,0-4,312900
2010-03-31,F,total,10-14,302620
2010-03-31,F,total,15-19,317800
2010-03-31,F,total,15-39,1468600
2010-03-31,F,total,20-24,299320
2010-03-31,F,total,25-29,276420
2010-03-31,F,total,30-34,268330
2010-03-31,F,total,35-39,306700
2010-03-31,F,total,40-44,314720
2010-03-31,F,total,40-64,1410900
2010-03-31,F,total,45-49,324460
2010-03-31,F,total,5-9,291430
2010-03-31,F,total,50-54,290330
2010-03-31,F,total,55-59,251690
2010-03-31,F,total,60-64,229730
2010-03-31,F,total,65-69,174430
2010-03-31,F,total,65+,559200
2010-03-31,F,total,70-74,133660
2010-03-31,F,total,75-79,104160
2010-03-31,F,total,80-84,79210
2010-03-31,F,total,85-89,46390
2010-03-31,F,total,90+,21390
2010-03-31,F,total,median,36.79
2010-03-31,F,total,total,4345670
2010-06-30,F,total,0-14,908100
2010-06-30,F,total,0-4,314350
2010-06-30,F,total,10-14,303e3
2010-06-30,F,total,15-19,317130
2010-06-30,F,total,15-39,1464600
2010-06-30,F,total,20-24,299760
2010-06-30,F,total,25-29,275040
2010-06-30,F,total,30-34,267750
2010-06-30,F,total,35-39,304950
2010-06-30,F,total,40-44,314330
2010-06-30,F,total,40-64,1414400
2010-06-30,F,total,45-49,323920
2010-06-30,F,total,5-9,290790
2010-06-30,F,total,50-54,292300
2010-06-30,F,total,55-59,252720
2010-06-30,F,total,60-64,231150
2010-06-30,F,total,65-69,175960
2010-06-30,F,total,65+,563500
2010-06-30,F,total,70-74,135550
2010-06-30,F,total,75-79,104020
2010-06-30,F,total,80-84,79430
2010-06-30,F,total,85-89,46680
2010-06-30,F,total,90+,21850
2010-06-30,F,total,median,36.87
2010-06-30,F,total,total,4350670
2010-09-30,F,total,0-14,909400
2010-09-30,F,total,0-4,315740
2010-09-30,F,total,10-14,303070
2010-09-30,F,total,15-19,317340
2010-09-30,F,total,15-39,1465900
2010-09-30,F,total,20-24,302680
2010-09-30,F,total,25-29,275430
2010-09-30,F,total,30-34,267790
2010-09-30,F,total,35-39,302670
2010-09-30,F,total,40-44,314750
2010-09-30,F,total,40-64,1419800
2010-09-30,F,total,45-49,323560
2010-09-30,F,total,5-9,290550
2010-09-30,F,total,50-54,294480
2010-09-30,F,total,55-59,254280
2010-09-30,F,total,60-64,232780
2010-09-30,F,total,65-69,176970
2010-09-30,F,total,65+,567600
2010-09-30,F,total,70-74,138e3
2010-09-30,F,total,75-79,103890
2010-09-30,F,total,80-84,79900
2010-09-30,F,total,85-89,46690
2010-09-30,F,total,90+,22120
2010-09-30,F,total,median,36.91
2010-09-30,F,total,total,4362690
2010-12-31,F,total,0-14,910100
2010-12-31,F,total,0-4,316830
2010-12-31,F,total,10-14,302930
2010-12-31,F,total,15-19,315830
2010-12-31,F,total,15-39,1465800
2010-12-31,F,total,20-24,304780
2010-12-31,F,total,25-29,276660
2010-12-31,F,total,30-34,268610
2010-12-31,F,total,35-39,299870
2010-12-31,F,total,40-44,315500
2010-12-31,F,total,40-64,1426e3
2010-12-31,F,total,45-49,322910
2010-12-31,F,total,5-9,290330
2010-12-31,F,total,50-54,296790
2010-12-31,F,total,55-59,255420
2010-12-31,F,total,60-64,235430
2010-12-31,F,total,65-69,177810
2010-12-31,F,total,65+,572e3
2010-12-31,F,total,70-74,140230
2010-12-31,F,total,75-79,103970
2010-12-31,F,total,80-84,80430
2010-12-31,F,total,85-89,47020
2010-12-31,F,total,90+,22520
2010-12-31,F,total,median,36.97
2010-12-31,F,total,total,4373870
2011-03-31,F,total,0-14,910600
2011-03-31,F,total,0-4,317570
2011-03-31,F,total,10-14,302860
2011-03-31,F,total,15-19,315740
2011-03-31,F,total,15-39,1465e3
2011-03-31,F,total,20-24,307090
2011-03-31,F,total,25-29,276200
2011-03-31,F,total,30-34,268930
2011-03-31,F,total,35-39,297080
2011-03-31,F,total,40-44,316170
2011-03-31,F,total,40-64,1430800
2011-03-31,F,total,45-49,322090
2011-03-31,F,total,5-9,290200
2011-03-31,F,total,50-54,298050
2011-03-31,F,total,55-59,257240
2011-03-31,F,total,60-64,237210
2011-03-31,F,total,65-69,178940
2011-03-31,F,total,65+,576e3
2011-03-31,F,total,70-74,141790
2011-03-31,F,total,75-79,104150
2011-03-31,F,total,80-84,80860
2011-03-31,F,total,85-89,47500
2011-03-31,F,total,90+,22800
2011-03-31,F,total,median,37.02
2011-03-31,F,total,total,4382480
2011-06-30,F,total,0-14,910700
2011-06-30,F,total,0-4,317460
2011-06-30,F,total,10-14,302680
2011-06-30,F,total,15-19,314550
2011-06-30,F,total,15-39,1459100
2011-06-30,F,total,20-24,307230
2011-06-30,F,total,25-29,274880
2011-06-30,F,total,30-34,268120
2011-06-30,F,total,35-39,294360
2011-06-30,F,total,40-44,316630
2011-06-30,F,total,40-64,1434100
2011-06-30,F,total,45-49,320570
2011-06-30,F,total,5-9,290560
2011-06-30,F,total,50-54,299670
2011-06-30,F,total,55-59,258790
2011-06-30,F,total,60-64,238420
2011-06-30,F,total,65-69,180330
2011-06-30,F,total,65+,580100
2011-06-30,F,total,70-74,143530
2011-06-30,F,total,75-79,104330
2011-06-30,F,total,80-84,81080
2011-06-30,F,total,85-89,47810
2011-06-30,F,total,90+,22980
2011-06-30,F,total,median,37.1
2011-06-30,F,total,total,4383980
2011-09-30,F,total,0-14,910700
2011-09-30,F,total,0-4,317830
2011-09-30,F,total,10-14,302060
2011-09-30,F,total,15-19,314660
2011-09-30,F,total,15-39,1458700
2011-09-30,F,total,20-24,309380
2011-09-30,F,total,25-29,275080
2011-09-30,F,total,30-34,268140
2011-09-30,F,total,35-39,291470
2011-09-30,F,total,40-44,317280
2011-09-30,F,total,40-64,1437700
2011-09-30,F,total,45-49,319280
2011-09-30,F,total,5-9,290790
2011-09-30,F,total,50-54,301500
2011-09-30,F,total,55-59,260710
2011-09-30,F,total,60-64,238940
2011-09-30,F,total,65-69,182660
2011-09-30,F,total,65+,584900
2011-09-30,F,total,70-74,145500
2011-09-30,F,total,75-79,104590
2011-09-30,F,total,80-84,81260
2011-09-30,F,total,85-89,47810
2011-09-30,F,total,90+,23100
2011-09-30,F,total,median,37.14
2011-09-30,F,total,total,4392040
2011-12-31,F,total,0-14,909800
2011-12-31,F,total,0-4,317340
2011-12-31,F,total,10-14,301330
2011-12-31,F,total,15-19,313460
2011-12-31,F,total,15-39,1457400
2011-12-31,F,total,20-24,310400
2011-12-31,F,total,25-29,276160
2011-12-31,F,total,30-34,268230
2011-12-31,F,total,35-39,289170
2011-12-31,F,total,40-44,317430
2011-12-31,F,total,40-64,1440700
2011-12-31,F,total,45-49,318790
2011-12-31,F,total,5-9,291160
2011-12-31,F,total,50-54,302860
2011-12-31,F,total,55-59,262650
2011-12-31,F,total,60-64,238950
2011-12-31,F,total,65-69,185900
2011-12-31,F,total,65+,591500
2011-12-31,F,total,70-74,147500
2011-12-31,F,total,75-79,105210
2011-12-31,F,total,80-84,81390
2011-12-31,F,total,85-89,48070
2011-12-31,F,total,90+,23420
2011-12-31,F,total,median,37.22
2011-12-31,F,total,total,4399440
2012-03-31,F,total,0-14,910400
2012-03-31,F,total,0-4,316790
2012-03-31,F,total,10-14,300960
2012-03-31,F,total,15-19,312820
2012-03-31,F,total,15-39,1455700
2012-03-31,F,total,20-24,311830
2012-03-31,F,total,25-29,275880
2012-03-31,F,total,30-34,268480
2012-03-31,F,total,35-39,286670
2012-03-31,F,total,40-44,317580
2012-03-31,F,total,40-64,1442500
2012-03-31,F,total,45-49,317300
2012-03-31,F,total,5-9,292620
2012-03-31,F,total,50-54,304810
2012-03-31,F,total,55-59,264020
2012-03-31,F,total,60-64,238820
2012-03-31,F,total,65-69,188790
2012-03-31,F,total,65+,597900
2012-03-31,F,total,70-74,149430
2012-03-31,F,total,75-79,105730
2012-03-31,F,total,80-84,81520
2012-03-31,F,total,85-89,48530
2012-03-31,F,total,90+,23890
2012-03-31,F,total,median,37.27
2012-03-31,F,total,total,4406450
2012-06-30,F,total,0-14,909800
2012-06-30,F,total,0-4,315730
2012-06-30,F,total,10-14,3e5
2012-06-30,F,total,15-19,312840
2012-06-30,F,total,15-39,1450500
2012-06-30,F,total,20-24,310660
2012-06-30,F,total,25-29,274520
2012-06-30,F,total,30-34,268320
2012-06-30,F,total,35-39,284140
2012-06-30,F,total,40-44,317680
2012-06-30,F,total,40-64,1444700
2012-06-30,F,total,45-49,315530
2012-06-30,F,total,5-9,294100
2012-06-30,F,total,50-54,306840
2012-06-30,F,total,55-59,265410
2012-06-30,F,total,60-64,239270
2012-06-30,F,total,65-69,191190
2012-06-30,F,total,65+,603e3
2012-06-30,F,total,70-74,151010
2012-06-30,F,total,75-79,106260
2012-06-30,F,total,80-84,81730
2012-06-30,F,total,85-89,48760
2012-06-30,F,total,90+,24060
2012-06-30,F,total,median,37.36
2012-06-30,F,total,total,4408050
2012-09-30,F,total,0-14,909600
2012-09-30,F,total,0-4,314920
2012-09-30,F,total,10-14,299180
2012-09-30,F,total,15-19,312990
2012-09-30,F,total,15-39,1450300
2012-09-30,F,total,20-24,311970
2012-09-30,F,total,25-29,274990
2012-09-30,F,total,30-34,268790
2012-09-30,F,total,35-39,281600
2012-09-30,F,total,40-44,317820
2012-09-30,F,total,40-64,1447500
2012-09-30,F,total,45-49,314560
2012-09-30,F,total,5-9,295540
2012-09-30,F,total,50-54,308280
2012-09-30,F,total,55-59,267150
2012-09-30,F,total,60-64,239730
2012-09-30,F,total,65-69,194450
2012-09-30,F,total,65+,608100
2012-09-30,F,total,70-74,152270
2012-09-30,F,total,75-79,106840
2012-09-30,F,total,80-84,81720
2012-09-30,F,total,85-89,48760
2012-09-30,F,total,90+,24090
2012-09-30,F,total,median,37.4
2012-09-30,F,total,total,4415640
2012-12-31,F,total,0-14,909400
2012-12-31,F,total,0-4,314560
2012-12-31,F,total,10-14,297880
2012-12-31,F,total,15-19,312430
2012-12-31,F,total,15-39,1451300
2012-12-31,F,total,20-24,312800
2012-12-31,F,total,25-29,276400
2012-12-31,F,total,30-34,270130
2012-12-31,F,total,35-39,279580
2012-12-31,F,total,40-44,317800
2012-12-31,F,total,40-64,1450500
2012-12-31,F,total,45-49,313750
2012-12-31,F,total,5-9,296990
2012-12-31,F,total,50-54,309890
2012-12-31,F,total,55-59,268550
2012-12-31,F,total,60-64,240520
2012-12-31,F,total,65-69,198480
2012-12-31,F,total,65+,614600
2012-12-31,F,total,70-74,152940
2012-12-31,F,total,75-79,107890
2012-12-31,F,total,80-84,81970
2012-12-31,F,total,85-89,49060
2012-12-31,F,total,90+,24230
2012-12-31,F,total,median,37.45
2012-12-31,F,total,total,4425850
2013-03-31,F,total,0-14,909400
2013-03-31,F,total,0-4,313360
2013-03-31,F,total,10-14,297360
2013-03-31,F,total,15-19,312600
2013-03-31,F,total,15-39,1453100
2013-03-31,F,total,20-24,314360
2013-03-31,F,total,25-29,277190
2013-03-31,F,total,30-34,271040
2013-03-31,F,total,35-39,277940
2013-03-31,F,total,40-44,317500
2013-03-31,F,total,40-64,1452700
2013-03-31,F,total,45-49,312470
2013-03-31,F,total,5-9,298640
2013-03-31,F,total,50-54,311830
2013-03-31,F,total,55-59,270210
2013-03-31,F,total,60-64,240710
2013-03-31,F,total,65-69,202500
2013-03-31,F,total,65+,620800
2013-03-31,F,total,70-74,153440
2013-03-31,F,total,75-79,108570
2013-03-31,F,total,80-84,82070
2013-03-31,F,total,85-89,49530
2013-03-31,F,total,90+,24650
2013-03-31,F,total,median,37.49
2013-03-31,F,total,total,4435980
2013-06-30,F,total,0-14,908800
2013-06-30,F,total,0-4,311930
2013-06-30,F,total,10-14,296770
2013-06-30,F,total,15-19,312480
2013-06-30,F,total,15-39,1452300
2013-06-30,F,total,20-24,314920
2013-06-30,F,total,25-29,277490
2013-06-30,F,total,30-34,271090
2013-06-30,F,total,35-39,276360
2013-06-30,F,total,40-44,316570
2013-06-30,F,total,40-64,1455e3
2013-06-30,F,total,45-49,311990
2013-06-30,F,total,5-9,300070
2013-06-30,F,total,50-54,313670
2013-06-30,F,total,55-59,271760
2013-06-30,F,total,60-64,241010
2013-06-30,F,total,65-69,205760
2013-06-30,F,total,65+,626e3
2013-06-30,F,total,70-74,154040
2013-06-30,F,total,75-79,109340
2013-06-30,F,total,80-84,82120
2013-06-30,F,total,85-89,49780
2013-06-30,F,total,90+,24940
2013-06-30,F,total,median,37.55
2013-06-30,F,total,total,4442100
2013-09-30,F,total,0-14,908700
2013-09-30,F,total,0-4,310850
2013-09-30,F,total,10-14,296060
2013-09-30,F,total,15-19,313210
2013-09-30,F,total,15-39,1459400
2013-09-30,F,total,20-24,317580
2013-09-30,F,total,25-29,280780
2013-09-30,F,total,30-34,272750
2013-09-30,F,total,35-39,275080
2013-09-30,F,total,40-44,315790
2013-09-30,F,total,40-64,1458e3
2013-09-30,F,total,45-49,311400
2013-09-30,F,total,5-9,301780
2013-09-30,F,total,50-54,314910
2013-09-30,F,total,55-59,273800
2013-09-30,F,total,60-64,242070
2013-09-30,F,total,65-69,208230
2013-09-30,F,total,65+,631600
2013-09-30,F,total,70-74,155600
2013-09-30,F,total,75-79,110350
2013-09-30,F,total,80-84,82310
2013-09-30,F,total,85-89,50040
2013-09-30,F,total,90+,25130
2013-09-30,F,total,median,37.55
2013-09-30,F,total,total,4457700
2013-12-31,F,total,0-14,909400
2013-12-31,F,total,0-4,310150
2013-12-31,F,total,10-14,295960
2013-12-31,F,total,15-19,312260
2013-12-31,F,total,15-39,1466500
2013-12-31,F,total,20-24,320600
2013-12-31,F,total,25-29,284880
2013-12-31,F,total,30-34,274640
2013-12-31,F,total,35-39,274070
2013-12-31,F,total,40-44,315060
2013-12-31,F,total,40-64,1461100
2013-12-31,F,total,45-49,311510
2013-12-31,F,total,5-9,303340
2013-12-31,F,total,50-54,315680
2013-12-31,F,total,55-59,275840
2013-12-31,F,total,60-64,242990
2013-12-31,F,total,65-69,211650
2013-12-31,F,total,65+,638800
2013-12-31,F,total,70-74,156960
2013-12-31,F,total,75-79,111710
2013-12-31,F,total,80-84,82420
2013-12-31,F,total,85-89,50560
2013-12-31,F,total,90+,25520
2013-12-31,F,total,median,37.55
2013-12-31,F,total,total,4475810
2014-03-31,F,total,0-14,910600
2014-03-31,F,total,0-4,309360
2014-03-31,F,total,10-14,296290
2014-03-31,F,total,15-19,313190
2014-03-31,F,total,15-39,1476e3
2014-03-31,F,total,20-24,324030
2014-03-31,F,total,25-29,288720
2014-03-31,F,total,30-34,276670
2014-03-31,F,total,35-39,273350
2014-03-31,F,total,40-44,314540
2014-03-31,F,total,40-64,1464400
2014-03-31,F,total,45-49,311350
2014-03-31,F,total,5-9,304950
2014-03-31,F,total,50-54,316790
2014-03-31,F,total,55-59,277530
2014-03-31,F,total,60-64,244170
2014-03-31,F,total,65-69,214100
2014-03-31,F,total,65+,645e3
2014-03-31,F,total,70-74,158420
2014-03-31,F,total,75-79,112790
2014-03-31,F,total,80-84,82640
2014-03-31,F,total,85-89,51060
2014-03-31,F,total,90+,26010
2014-03-31,F,total,median,37.52
2014-03-31,F,total,total,4495960
2014-06-30,F,total,0-14,911100
2014-06-30,F,total,0-4,308810
2014-06-30,F,total,10-14,295830
2014-06-30,F,total,15-19,313580
2014-06-30,F,total,15-39,1481100
2014-06-30,F,total,20-24,325650
2014-06-30,F,total,25-29,291250
2014-06-30,F,total,30-34,277630
2014-06-30,F,total,35-39,273020
2014-06-30,F,total,40-44,313640
2014-06-30,F,total,40-64,1467100
2014-06-30,F,total,45-49,311290
2014-06-30,F,total,5-9,306460
2014-06-30,F,total,50-54,317410
2014-06-30,F,total,55-59,279540
2014-06-30,F,total,60-64,245230
2014-06-30,F,total,65-69,216280
2014-06-30,F,total,65+,650400
2014-06-30,F,total,70-74,160150
2014-06-30,F,total,75-79,113540
2014-06-30,F,total,80-84,82750
2014-06-30,F,total,85-89,51470
2014-06-30,F,total,90+,26220
2014-06-30,F,total,median,37.52
2014-06-30,F,total,total,4509750
2014-09-30,F,total,0-14,911300
2014-09-30,F,total,0-4,307640
2014-09-30,F,total,10-14,295140
2014-09-30,F,total,15-19,315400
2014-09-30,F,total,15-39,1494500
2014-09-30,F,total,20-24,329590
2014-09-30,F,total,25-29,296630
2014-09-30,F,total,30-34,279840
2014-09-30,F,total,35-39,273010
2014-09-30,F,total,40-44,312300
2014-09-30,F,total,40-64,1469900
2014-09-30,F,total,45-49,311720
2014-09-30,F,total,5-9,308550
2014-09-30,F,total,50-54,318030
2014-09-30,F,total,55-59,281410
2014-09-30,F,total,60-64,246480
2014-09-30,F,total,65-69,218930
2014-09-30,F,total,65+,655800
2014-09-30,F,total,70-74,161170
2014-09-30,F,total,75-79,114970
2014-09-30,F,total,80-84,82890
2014-09-30,F,total,85-89,51470
2014-09-30,F,total,90+,26410
2014-09-30,F,total,median,37.47
2014-09-30,F,total,total,4531570
2014-12-31,F,total,0-14,912200
2014-12-31,F,total,0-4,307130
2014-12-31,F,total,10-14,294290
2014-12-31,F,total,15-19,315350
2014-12-31,F,total,15-39,1506500
2014-12-31,F,total,20-24,332920
2014-12-31,F,total,25-29,302860
2014-12-31,F,total,30-34,282530
2014-12-31,F,total,35-39,272880
2014-12-31,F,total,40-44,311300
2014-12-31,F,total,40-64,1473400
2014-12-31,F,total,45-49,312250
2014-12-31,F,total,5-9,310760
2014-12-31,F,total,50-54,318930
2014-12-31,F,total,55-59,283110
2014-12-31,F,total,60-64,247840
2014-12-31,F,total,65-69,221860
2014-12-31,F,total,65+,662400
2014-12-31,F,total,70-74,162100
2014-12-31,F,total,75-79,116830
2014-12-31,F,total,80-84,83130
2014-12-31,F,total,85-89,51810
2014-12-31,F,total,90+,26680
2014-12-31,F,total,median,37.43
2014-12-31,F,total,total,4554570
2015-03-31,F,total,0-14,913400
2015-03-31,F,total,0-4,306440
2015-03-31,F,total,10-14,294200
2015-03-31,F,total,15-19,316860
2015-03-31,F,total,15-39,1521700
2015-03-31,F,total,20-24,337820
2015-03-31,F,total,25-29,308590
2015-03-31,F,total,30-34,285040
2015-03-31,F,total,35-39,273340
2015-03-31,F,total,40-44,310400
2015-03-31,F,total,40-64,1476200
2015-03-31,F,total,45-49,313070
2015-03-31,F,total,5-9,312810
2015-03-31,F,total,50-54,318670
2015-03-31,F,total,55-59,285170
2015-03-31,F,total,60-64,248940
2015-03-31,F,total,65-69,224220
2015-03-31,F,total,65+,668700
2015-03-31,F,total,70-74,163600
2015-03-31,F,total,75-79,118210
2015-03-31,F,total,80-84,83230
2015-03-31,F,total,85-89,52260
2015-03-31,F,total,90+,27160
2015-03-31,F,total,median,37.35
2015-03-31,F,total,total,4580030
2015-06-30,F,total,0-14,914300
2015-06-30,F,total,0-4,305740
2015-06-30,F,total,10-14,293470
2015-06-30,F,total,15-19,316800
2015-06-30,F,total,15-39,1528500
2015-06-30,F,total,20-24,338660
2015-06-30,F,total,25-29,312310
2015-06-30,F,total,30-34,286990
2015-06-30,F,total,35-39,273780
2015-06-30,F,total,40-44,309250
2015-06-30,F,total,40-64,1478500
2015-06-30,F,total,45-49,313250
2015-06-30,F,total,5-9,315130
2015-06-30,F,total,50-54,318530
2015-06-30,F,total,55-59,287300
2015-06-30,F,total,60-64,250150
2015-06-30,F,total,65-69,225740
2015-06-30,F,total,65+,674300
2015-06-30,F,total,70-74,165200
2015-06-30,F,total,75-79,120100
2015-06-30,F,total,80-84,83240
2015-06-30,F,total,85-89,52500
2015-06-30,F,total,90+,27580
2015-06-30,F,total,median,37.35
2015-06-30,F,total,total,4595730
2015-09-30,F,total,0-14,915400
2015-09-30,F,total,0-4,305060
2015-09-30,F,total,10-14,293020
2015-09-30,F,total,15-19,318080
2015-09-30,F,total,15-39,1544300
2015-09-30,F,total,20-24,342310
2015-09-30,F,total,25-29,319120
2015-09-30,F,total,30-34,289890
2015-09-30,F,total,35-39,274850
2015-09-30,F,total,40-44,307440
2015-09-30,F,total,40-64,1481500
2015-09-30,F,total,45-49,314250
2015-09-30,F,total,5-9,317340
2015-09-30,F,total,50-54,318360
2015-09-30,F,total,55-59,289660
2015-09-30,F,total,60-64,251780
2015-09-30,F,total,65-69,227520
2015-09-30,F,total,65+,679400
2015-09-30,F,total,70-74,166260
2015-09-30,F,total,75-79,122270
2015-09-30,F,total,80-84,83080
2015-09-30,F,total,85-89,52820
2015-09-30,F,total,90+,27470
2015-09-30,F,total,median,37.27
2015-09-30,F,total,total,4620580
2015-12-31,F,total,0-14,916900
2015-12-31,F,total,0-4,304910
2015-12-31,F,total,10-14,292810
2015-12-31,F,total,15-19,317760
2015-12-31,F,total,15-39,1559900
2015-12-31,F,total,20-24,345330
2015-12-31,F,total,25-29,327060
2015-12-31,F,total,30-34,293340
2015-12-31,F,total,35-39,276360
2015-12-31,F,total,40-44,305070
2015-12-31,F,total,40-64,1484100
2015-12-31,F,total,45-49,315620
2015-12-31,F,total,5-9,319230
2015-12-31,F,total,50-54,318150
2015-12-31,F,total,55-59,292150
2015-12-31,F,total,60-64,253140
2015-12-31,F,total,65-69,230170
2015-12-31,F,total,65+,686400
2015-12-31,F,total,70-74,167190
2015-12-31,F,total,75-79,124510
2015-12-31,F,total,80-84,83270
2015-12-31,F,total,85-89,53380
2015-12-31,F,total,90+,27840
2015-12-31,F,total,median,37.21
2015-12-31,F,total,total,4647300
2016-03-31,F,total,0-14,919300
2016-03-31,F,total,0-4,304800
2016-03-31,F,total,10-14,293370
2016-03-31,F,total,15-19,318980
2016-03-31,F,total,15-39,1576500
2016-03-31,F,total,20-24,348860
2016-03-31,F,total,25-29,334250
2016-03-31,F,total,30-34,296410
2016-03-31,F,total,35-39,278e3
2016-03-31,F,total,40-44,303330
2016-03-31,F,total,40-64,1487200
2016-03-31,F,total,45-49,317e3
2016-03-31,F,total,5-9,321160
2016-03-31,F,total,50-54,317850
2016-03-31,F,total,55-59,293770
2016-03-31,F,total,60-64,255240
2016-03-31,F,total,65-69,232090
2016-03-31,F,total,65+,692800
2016-03-31,F,total,70-74,168460
2016-03-31,F,total,75-79,126180
2016-03-31,F,total,80-84,83730
2016-03-31,F,total,85-89,53990
2016-03-31,F,total,90+,28380
2016-03-31,F,total,median,37.13
2016-03-31,F,total,total,4675850
2016-06-30,F,total,0-14,921600
2016-06-30,F,total,0-4,305020
2016-06-30,F,total,10-14,294330
2016-06-30,F,total,15-19,318380
2016-06-30,F,total,15-39,1583400
2016-06-30,F,total,20-24,348800
2016-06-30,F,total,25-29,338240
2016-06-30,F,total,30-34,298970
2016-06-30,F,total,35-39,279020
2016-06-30,F,total,40-44,301510
2016-06-30,F,total,40-64,1489800
2016-06-30,F,total,45-49,318340
2016-06-30,F,total,5-9,322270
2016-06-30,F,total,50-54,316910
2016-06-30,F,total,55-59,295960
2016-06-30,F,total,60-64,257060
2016-06-30,F,total,65-69,233360
2016-06-30,F,total,65+,698400
2016-06-30,F,total,70-74,169960
2016-06-30,F,total,75-79,127960
2016-06-30,F,total,80-84,84080
2016-06-30,F,total,85-89,54390
2016-06-30,F,total,90+,28650
2016-06-30,F,total,median,37.13
2016-06-30,F,total,total,4693220
2016-09-30,F,total,0-14,924500
2016-09-30,F,total,0-4,305350
2016-09-30,F,total,10-14,295230
2016-09-30,F,total,15-19,318740
2016-09-30,F,total,15-39,1597900
2016-09-30,F,total,20-24,351320
2016-09-30,F,total,25-29,344550
2016-09-30,F,total,30-34,302590
2016-09-30,F,total,35-39,280720
2016-09-30,F,total,40-44,299840
2016-09-30,F,total,40-64,1493200
2016-09-30,F,total,45-49,319590
2016-09-30,F,total,5-9,323960
2016-09-30,F,total,50-54,316360
2016-09-30,F,total,55-59,298140
2016-09-30,F,total,60-64,259220
2016-09-30,F,total,65-69,234110
2016-09-30,F,total,65+,704200
2016-09-30,F,total,70-74,172320
2016-09-30,F,total,75-79,129950
2016-09-30,F,total,80-84,84420
2016-09-30,F,total,85-89,54570
2016-09-30,F,total,90+,28790
2016-09-30,F,total,median,37.07
2016-09-30,F,total,total,4719780
2016-12-31,F,total,0-14,927200
2016-12-31,F,total,0-4,306090
2016-12-31,F,total,10-14,296380
2016-12-31,F,total,15-19,317370
2016-12-31,F,total,15-39,1612200
2016-12-31,F,total,20-24,353740
2016-12-31,F,total,25-29,351720
2016-12-31,F,total,30-34,307210
2016-12-31,F,total,35-39,282130
2016-12-31,F,total,40-44,298360
2016-12-31,F,total,40-64,1496700
2016-12-31,F,total,45-49,320580
2016-12-31,F,total,5-9,324740
2016-12-31,F,total,50-54,316400
2016-12-31,F,total,55-59,299880
2016-12-31,F,total,60-64,261470
2016-12-31,F,total,65-69,234480
2016-12-31,F,total,65+,711100
2016-12-31,F,total,70-74,175700
2016-12-31,F,total,75-79,131970
2016-12-31,F,total,80-84,85010
2016-12-31,F,total,85-89,54760
2016-12-31,F,total,90+,29210
2016-12-31,F,total,median,37.02
2016-12-31,F,total,total,4747180
2017-03-31,F,total,0-14,930900
2017-03-31,F,total,0-4,305920
2017-03-31,F,total,10-14,299020
2017-03-31,F,total,15-19,318e3
2017-03-31,F,total,15-39,1628100
2017-03-31,F,total,20-24,355600
2017-03-31,F,total,25-29,358880
2017-03-31,F,total,30-34,310930
2017-03-31,F,total,35-39,284700
2017-03-31,F,total,40-44,297180
2017-03-31,F,total,40-64,15e5
2017-03-31,F,total,45-49,321710
2017-03-31,F,total,5-9,325950
2017-03-31,F,total,50-54,315720
2017-03-31,F,total,55-59,302240
2017-03-31,F,total,60-64,263190
2017-03-31,F,total,65-69,234440
2017-03-31,F,total,65+,717500
2017-03-31,F,total,70-74,178790
2017-03-31,F,total,75-79,133800
2017-03-31,F,total,80-84,85640
2017-03-31,F,total,85-89,55050
2017-03-31,F,total,90+,29760
2017-03-31,F,total,median,36.96
2017-03-31,F,total,total,4776540
2017-06-30,F,total,0-14,933700
2017-06-30,F,total,0-4,305980
2017-06-30,F,total,10-14,301360
2017-06-30,F,total,15-19,316510
2017-06-30,F,total,15-39,1634900
2017-06-30,F,total,20-24,355830
2017-06-30,F,total,25-29,361860
2017-06-30,F,total,30-34,314080
2017-06-30,F,total,35-39,286610
2017-06-30,F,total,40-44,295710
2017-06-30,F,total,40-64,1502200
2017-06-30,F,total,45-49,322620
2017-06-30,F,total,5-9,326350
2017-06-30,F,total,50-54,314550
2017-06-30,F,total,55-59,304500
2017-06-30,F,total,60-64,264850
2017-06-30,F,total,65-69,235050
2017-06-30,F,total,65+,723100
2017-06-30,F,total,70-74,181270
2017-06-30,F,total,75-79,135280
2017-06-30,F,total,80-84,86230
2017-06-30,F,total,85-89,55140
2017-06-30,F,total,90+,30080
2017-06-30,F,total,median,36.96
2017-06-30,F,total,total,4793860
2017-09-30,F,total,0-14,936800
2017-09-30,F,total,0-4,306040
2017-09-30,F,total,10-14,303750
2017-09-30,F,total,15-19,316720
2017-09-30,F,total,15-39,1648100
2017-09-30,F,total,20-24,356600
2017-09-30,F,total,25-29,366990
2017-09-30,F,total,30-34,318330
2017-09-30,F,total,35-39,289460
2017-09-30,F,total,40-44,294110
2017-09-30,F,total,40-64,1504700
2017-09-30,F,total,45-49,323500
2017-09-30,F,total,5-9,327020
2017-09-30,F,total,50-54,314140
2017-09-30,F,total,55-59,306170
2017-09-30,F,total,60-64,266790
2017-09-30,F,total,65-69,235660
2017-09-30,F,total,65+,728200
2017-09-30,F,total,70-74,184370
2017-09-30,F,total,75-79,136550
2017-09-30,F,total,80-84,86640
2017-09-30,F,total,85-89,55040
2017-09-30,F,total,90+,29950
2017-09-30,F,total,median,36.91
2017-09-30,F,total,total,4817840
2017-12-31,F,total,0-14,939800
2017-12-31,F,total,0-4,305950
2017-12-31,F,total,10-14,305950
2017-12-31,F,total,15-19,315070
2017-12-31,F,total,15-39,1661500
2017-12-31,F,total,20-24,358110
2017-12-31,F,total,25-29,373110
2017-12-31,F,total,30-34,322590
2017-12-31,F,total,35-39,292650
2017-12-31,F,total,40-44,292700
2017-12-31,F,total,40-64,1507700
2017-12-31,F,total,45-49,324340
2017-12-31,F,total,5-9,327860
2017-12-31,F,total,50-54,313780
2017-12-31,F,total,55-59,308300
2017-12-31,F,total,60-64,268530
2017-12-31,F,total,65-69,236540
2017-12-31,F,total,65+,735400
2017-12-31,F,total,70-74,188220
2017-12-31,F,total,75-79,137210
2017-12-31,F,total,80-84,87810
2017-12-31,F,total,85-89,55350
2017-12-31,F,total,90+,30320
2017-12-31,F,total,median,36.89
2017-12-31,F,total,total,4844410
2018-03-31,F,total,0-14,943e3
2018-03-31,F,total,0-4,306270
2018-03-31,F,total,10-14,308870
2018-03-31,F,total,15-19,315350
2018-03-31,F,total,15-39,1676e3
2018-03-31,F,total,20-24,359610
2018-03-31,F,total,25-29,378290
2018-03-31,F,total,30-34,327e3
2018-03-31,F,total,35-39,295760
2018-03-31,F,total,40-44,292050
2018-03-31,F,total,40-64,1510800
2018-03-31,F,total,45-49,324770
2018-03-31,F,total,5-9,327850
2018-03-31,F,total,50-54,313080
2018-03-31,F,total,55-59,310590
2018-03-31,F,total,60-64,270340
2018-03-31,F,total,65-69,236910
2018-03-31,F,total,65+,741800
2018-03-31,F,total,70-74,192150
2018-03-31,F,total,75-79,137730
2018-03-31,F,total,80-84,88570
2018-03-31,F,total,85-89,55640
2018-03-31,F,total,90+,30810
2018-03-31,F,total,median,36.85
2018-03-31,F,total,total,4871620
2018-06-30,P,total,0-14,944600
2018-06-30,P,total,0-4,306380
2018-06-30,P,total,10-14,310950
2018-06-30,P,total,15-19,314160
2018-06-30,P,total,15-39,1680800
2018-06-30,P,total,20-24,358260
2018-06-30,P,total,25-29,380050
2018-06-30,P,total,30-34,330720
2018-06-30,P,total,35-39,297660
2018-06-30,P,total,40-44,291120
2018-06-30,P,total,40-64,1513100
2018-06-30,P,total,45-49,324430
2018-06-30,P,total,5-9,327240
2018-06-30,P,total,50-54,312930
2018-06-30,P,total,55-59,312600
2018-06-30,P,total,60-64,272010
2018-06-30,P,total,65-69,237170
2018-06-30,P,total,65+,746900
2018-06-30,P,total,70-74,195320
2018-06-30,P,total,75-79,138330
2018-06-30,P,total,80-84,89350
2018-06-30,P,total,85-89,55700
2018-06-30,P,total,90+,30980
2018-06-30,P,total,median,36.88
2018-06-30,P,total,total,4885350
